ID,Type,Description,In_sample_length,Trend,Seasonality,sMAPE_ETS,sMAPE_Arima1,sMAPE_Arima2,Model,Compo,MAE_long,sMAPE_short,sMAPE_medium,sMAPE_long,MASE_naive,MASE_snaive,MASE_drift,sMAPE_ETS_cv,sMAPE_Arima1_cv,sMAPE_Arima2_cv,Model_cv,Compo_cv,MAE_long_cv,sMAPE_short_cv,sMAPE_medium_cv,sMAPE_long_cv,MASE_naive_cv,MASE_snaive_cv,MASE_drift_cv,MAE_long_ETS,sMAPE_long_ETS,MASE_naive_ETS,MASE_snaive_ETS,MASE_drift_ETS,MAE_long_Arima,sMAPE_long_Arima,MASE_naive_Arima,MASE_snaive_Arima,MASE_drift_Arima
1,MICRO,SHIPMENTS (Code TD-30USA),51,0,0,8.309229573,8.309324699,8.194029223,Arima(transform),0;0;0;0;12;0;0,966.2775284,8.92592961,13.3369823,14.68932511,0.80152053,1.063791774,0.607997886,7.591032483,7.590878907,7.602041096,Arima,0;0;0;0;12;0;0,958.3877996,9.306469246,13.34256558,14.56584705,0.794976055,1.055105834,0.603033537,958.3623493,14.5654495,0.794954944,1.055077816,0.603017523,966.2775284,14.68932511,0.80152053,1.063791774,0.607997886
2,MICRO,SHIPMENTS (Code TD-30USA),51,0,0,7.738084804,7.738912085,7.822725804,ETS,M;N;N;FALSE,412.7785624,7.967851159,10.08474963,8.624754074,1.132624104,1.230134789,1.123173014,8.087804221,8.085497366,8.754137146,Arima,0;1;0;0;12;1;0,371.4365439,7.963231724,8.518767851,7.741483109,1.019185639,1.106930098,1.010681127,412.7785624,8.624754074,1.132624104,1.230134789,1.123173014,371.4365439,7.741483109,1.019185639,1.106930098,1.010681127
3,MICRO,SHIPMENTS (Code TD-30USA),51,1,0,15.46362697,15.46851421,14.72565284,Arima(transform),2;1;0;0;12;1;0,839.6808259,13.70347361,13.03397817,12.64755742,1.261623945,1.207208855,1.162098636,13.48668405,13.4878335,12.99235323,Arima(transform),2;1;0;0;12;1;0,839.6808259,13.70347361,13.03397817,12.64755742,1.261623945,1.207208855,1.162098636,1035.965942,15.3120023,1.556543152,1.489407904,1.43375265,847.7657175,12.75952781,1.273771529,1.218832501,1.173287938
4,MICRO,SHIPMENTS (Code TD-30USA),51,1,0,18.3042964,18.30290138,17.29007,Arima(transform),0;1;0;0;12;1;0,990.2010627,20.86122386,19.13293103,23.96418145,0.389587303,0.958259093,0.39852471,15.82021298,28.89832246,18.619646,ETS,M;N;N;FALSE,1086.74742,22.75448816,21.03402383,25.84554359,0.427572755,1.051691052,0.437381575,1086.74742,25.84554359,0.427572755,1.051691052,0.437381575,990.2010627,23.96418145,0.389587303,0.958259093,0.39852471
5,MICRO,SHIPMENTS (Code TD-30USA),51,0,0,8.300459203,8.299623946,8.712088998,Arima,0;0;0;1;12;0;0,511.2150333,7.293304369,10.01109735,12.75038714,0.566617648,0.944750575,0.543717242,9.047496293,9.047274041,9.135140782,Arima,0;0;0;1;12;0;0,511.2150333,7.293304369,10.01109735,12.75038714,0.566617648,0.944750575,0.543717242,510.3283476,12.74621988,0.565634868,0.943111936,0.542774182,474.3408123,11.90739109,0.525747206,0.876605197,0.504498619
6,MICRO,SHIPMENTS (Code TD-30USA),51,1,0,11.78691249,20.71007255,21.18111106,ETS,A;A;N;FALSE,1110.303491,21.15695993,14.85693607,12.863918,1.02489553,0.552848211,0.60342581,16.55500372,21.82447292,23.05120609,ETS,A;A;N;FALSE,1110.303491,21.15695993,14.85693607,12.863918,1.02489553,0.552848211,0.60342581,1110.303491,12.863918,1.02489553,0.552848211,0.60342581,1350.743786,15.67308309,1.246840418,0.67256952,0.734099884
7,MICRO,SHIPMENTS (Code TD-30USA),51,1,0,10.68951787,15.32966974,15.92451257,ETS,M;A;N;TRUE,617.0175964,9.440466399,9.303344664,8.968906693,0.316239087,0.639028581,0.199610294,13.79780776,15.6954783,16.66929079,ETS,M;A;N;TRUE,617.0175964,9.440466399,9.303344664,8.968906693,0.316239087,0.639028581,0.199610294,617.0175964,8.968906693,0.316239087,0.639028581,0.199610294,957.0869741,13.09531668,0.490534326,0.991229317,0.309625549
8,MICRO,SHIPMENTS (Code TD-30USA),51,1,0,22.98508668,23.39684147,21.57049657,Arima(transform),5;0;0;0;12;1;0,355.2075397,11.20874641,20.21901939,17.41681513,1.074577431,1.014878685,0.459716402,32.13093781,22.64716769,21.9126954,Arima(transform),5;0;0;0;12;1;0,355.2075397,11.20874641,20.21901939,17.41681513,1.074577431,1.014878685,0.459716402,333.7660863,16.19039785,1.00971253,0.953617389,0.431966462,355.2075397,17.41681513,1.074577431,1.014878685,0.459716402
9,MICRO,SHIPMENTS (Code TD-30USA),51,1,0,84.15727648,23.3978662,23.3978662,Arima(transform),0;1;0;0;12;1;0,1134.855859,17.15040983,30.27477037,40.64352808,0.580324019,0.880491615,0.76902305,57.64804766,30.64982014,31.15539831,Arima,0;1;0;0;12;1;0,781.7227401,22.53005089,29.4241401,29.70537359,0.399744583,0.606509022,0.529726133,1163.813317,41.35464595,0.59513181,0.902958608,0.788645764,781.7227401,29.70537359,0.399744583,0.606509022,0.529726133
10,MICRO,SHIPMENTS (Code TD-30USA),51,0,1,7.769315527,9.935334269,9.935334269,ETS,M;N;M;FALSE,574.7277846,5.439124395,6.495220185,8.304883149,0.620135483,0.892742503,0.692178103,8.166351278,10.57405446,10.81707571,ETS,M;N;M;FALSE,574.7277846,5.439124395,6.495220185,8.304883149,0.620135483,0.892742503,0.692178103,574.7277846,8.304883149,0.620135483,0.892742503,0.692178103,537.1249539,7.87556075,0.579561753,0.834332859,0.646890827
11,MICRO,SHIPMENTS (Code TD-30USA),51,1,0,104.995846,30.41798618,29.76570758,Arima(transform),0;1;0;0;12;1;0,580.6994729,24.04353444,21.48892813,30.10817341,0.2707925,0.539906535,0.379829011,90.54362868,28.70604237,28.75788721,Arima,0;1;0;0;12;1;0,576.4607093,25.10450856,22.13292232,29.67730925,0.268815875,0.535965536,0.377056483,1154.142653,48.10986252,0.538201237,1.073066516,0.754911762,580.6994729,30.10817341,0.2707925,0.539906535,0.379829011
12,MICRO,SHIPMENTS (Code TD-30USA),51,0,0,18.2464305,18.24396158,17.06753709,Arima(transform),0;0;0;0;12;0;0,1137.000493,22.51463816,23.77064338,26.26093602,0.332780632,1.033636812,0.313926656,19.13426106,19.0880828,18.65569511,Arima(transform),0;0;0;0;12;0;0,1137.000493,22.51463816,23.77064338,26.26093602,0.332780632,1.033636812,0.313926656,1369.833569,30.59902277,0.400926898,1.245303245,0.378212037,1137.000493,26.26093602,0.332780632,1.033636812,0.313926656
13,MICRO,SHIPMENTS (Code TD-30USA),51,1,0,36.88602551,36.83678257,36.29543788,Arima(transform),0;1;0;0;12;1;0,1427.318936,40.58702126,36.42063429,36.36413432,0.831447924,0.707761456,0.778820809,31.92019193,31.92396107,32.02419191,ETS,M;A;N;FALSE,1302.312488,39.85620238,34.77895188,33.36269096,0.758628634,0.645774788,0.71061067,1302.312488,33.36269096,0.758628634,0.645774788,0.71061067,1427.318936,36.36413432,0.831447924,0.707761456,0.778820809
14,MICRO,SHIPMENTS (Code TD-30USA),51,1,0,45.78880057,45.3553236,40.17724801,Arima(transform),0;2;0;0;12;1;0,699.4521205,27.90153492,22.65290116,25.51579105,0.889134051,0.681284533,0.940292329,40.89900393,40.52788922,40.81415048,Arima,0;2;0;0;12;1;0,623.1755688,28.72693909,20.52097892,22.44920527,0.792172333,0.60698919,0.837751706,616.8679454,22.18267815,0.784154168,0.600845401,0.829272198,699.4521205,25.51579105,0.889134051,0.681284533,0.940292329
15,MICRO,SHIPMENTS (Code TD-30USA),51,0,0,25.75137771,25.7532263,23.30087996,Arima(transform),0;0;0;0;12;0;0,968.1068707,33.73348381,26.19395185,30.173535,1.022048309,0.866961377,1.28263828,26.19132157,26.19194523,25.30305719,Arima(transform),0;0;0;0;12;0;0,968.1068707,33.73348381,26.19395185,30.173535,1.022048309,0.866961377,1.28263828,1235.068516,36.53907986,1.30388465,1.106031507,1.636333968,968.1068707,30.173535,1.022048309,0.866961377,1.28263828
16,MICRO,SHIPMENTS (Code TD-30USA),51,0,0,35.76578522,39.94903331,41.45441579,ETS,A;N;N;FALSE,1220.779675,27.22422878,31.91056222,35.49092519,0.479782405,0.980983668,0.441706886,34.7479358,33.35781667,34.3467189,Arima,0;0;0;0;12;0;0,1220.915033,27.231405,31.91404972,35.49438016,0.479835602,0.981092437,0.441755861,1220.779675,35.49092519,0.479782405,0.980983668,0.441706886,1220.915033,35.49438016,0.479835602,0.981092437,0.441755861
17,MICRO,SHIPMENTS (Code TD-30USA),51,0,0,14.81463931,14.82133388,17.63875989,ETS,M;N;N;FALSE,1150,19.02625738,17.38432942,18.44723737,1,1.036036036,0.996322751,13.99722498,21.02911865,19.85422056,ETS,M;N;N;FALSE,1150,19.02625738,17.38432942,18.44723737,1,1.036036036,0.996322751,1150,18.44723737,1,1.036036036,0.996322751,1150,18.44730691,1,1.036036036,0.996322751
18,MICRO,SHIPMENTS (Code TD-30USA),51,0,0,61.58983576,26.57464767,25.06647066,Arima(transform),0;1;0;0;12;0;0,506.541977,16.80364857,14.25872811,26.10966286,0.62881073,0.558002178,0.382558891,35.75010949,27.32799301,24.81035138,Arima(transform),0;1;0;0;12;0;0,506.541977,16.80364857,14.25872811,26.10966286,0.62881073,0.558002178,0.382558891,602.4292734,29.97532754,0.747843236,0.663630779,0.454976459,506.541977,26.10966286,0.62881073,0.558002178,0.382558891
19,MICRO,SHIPMENTS (Code TD-AUTOUNITS),108,0,1,12.30739474,23.85015472,15.31205067,ETS,M;N;M;FALSE,246.3903344,14.26935389,11.80415655,12.62598653,0.616832548,0.768635359,0.612794143,17.61800157,20.34852878,15.14145955,Arima(transform),0;0;0;0;12;0;1,389.5646543,18.43941272,17.61142768,19.97153172,0.975266172,1.215279684,0.968881101,246.3903344,12.62598653,0.616832548,0.768635359,0.612794143,544.1184379,29.66326623,1.362188023,1.697423203,1.353269772
20,MICRO,SHIPMENTS (Code TD-AUTOUNITS),108,0,1,26.73451945,92.69200717,29.08535259,ETS,M;N;M;FALSE,497.8783298,34.83736622,29.08375202,26.1145191,0.963635477,1.120226242,0.577154692,26.78719916,65.44652691,31.29322294,ETS,M;N;M;FALSE,497.8783298,34.83736622,29.08375202,26.1145191,0.963635477,1.120226242,0.577154692,497.8783298,26.1145191,0.963635477,1.120226242,0.577154692,698.4461857,37.14842264,1.351831327,1.571503918,0.809658644
21,MICRO,SHIPMENTS (Code TD-AUTOUNITS),108,0,1,50.31332089,59.42728292,86.11077445,ETS,M;N;M;FALSE,3209.868107,124.3979396,126.7063265,102.5805927,1.213458771,1.019941144,1.212009982,66.20091196,75.0308775,80.65210501,ETS,M;N;M;FALSE,3209.868107,124.3979396,126.7063265,102.5805927,1.213458771,1.019941144,1.212009982,3209.868107,102.5805927,1.213458771,1.019941144,1.212009982,2747.164082,102.9145606,1.038538108,0.872916139,1.037298163
22,MICRO,SHIPMENTS (Code TD-AUTOUNITS),108,0,1,31.20162963,66.24611799,27.11891517,Arima(transform),0;1;0;1;12;0;1,159.6617895,11.4926187,15.37161849,13.1598163,0.296738483,1.056585372,0.305562176,30.75320734,49.25555587,25.06681799,Arima(transform),0;1;0;1;12;0;1,159.6617895,11.4926187,15.37161849,13.1598163,0.296738483,1.056585372,0.305562176,359.779708,29.614766,0.668666468,2.380895126,0.688549656,159.6617895,13.1598163,0.296738483,1.056585372,0.305562176
23,MICRO,SHIPMENTS (Code TD-AUTOUNITS),108,0,1,9.751259979,12.68990733,13.61151723,ETS,M;N;M;FALSE,248.5395779,11.89129204,7.665891853,9.316060943,0.637280969,0.748112442,0.650743919,12.37267589,14.47235021,12.22587832,Arima(transform),1;0;2;0;12;0;1,359.5185982,15.27361592,12.79970359,13.60604683,0.921842559,1.082163005,0.941317047,248.5395779,9.316060943,0.637280969,0.748112442,0.650743919,359.5185982,13.60604683,0.921842559,1.082163005,0.941317047
24,MICRO,SHIPMENTS (Code TD-AUTOUNITS),108,1,0,35.8326759,25.22954495,19.46945253,Arima(transform),0;1;1;0;12;1;0,252.2960353,20.29793555,19.43083675,26.46294378,0.754373527,0.609983699,1.242227584,40.49189493,27.05139522,24.53092587,Arima(transform),0;1;1;0;12;1;0,252.2960353,20.29793555,19.43083675,26.46294378,0.754373527,0.609983699,1.242227584,473.3429098,41.99289297,1.415311026,1.144415363,2.330593972,252.2960353,26.46294378,0.754373527,0.609983699,1.242227584
25,MICRO,SHIPMENTS (Code TD-AUTOUNITS),108,0,1,34.92673917,38.68369581,38.39215188,ETS,M;N;M;FALSE,1457.558649,46.37576003,48.72406857,49.68441076,1.818160477,0.971346008,1.671205728,29.71609016,28.45567079,30.77665562,Arima,1;0;0;0;12;0;0,1542.355362,53.65158976,47.7886736,52.8999396,1.923936002,1.02785622,1.768431835,1457.558649,49.68441076,1.818160477,0.971346008,1.671205728,1312.173375,47.18243678,1.636806705,0.874458377,1.504510067
26,MICRO,SHIPMENTS (Code TD-AUTOUNITS),108,1,0,12.10243156,10.43542917,10.46171245,Arima,2;0;1;2;12;1;0,219.9347196,7.211897094,7.525740325,8.664529938,0.429373639,0.632400152,0.447093505,10.05606604,10.76464432,10.55768753,ETS,M;N;M;FALSE,189.5523579,10.31163958,7.772037854,7.518504009,0.370058833,0.545038729,0.38533083,189.5523579,7.518504009,0.370058833,0.545038729,0.38533083,250.3724464,9.868848212,0.488796533,0.719920772,0.508968728
27,MICRO,SHIPMENTS (Code TD-AUTOUNITS),108,1,0,29.87881339,69.35849071,23.10513517,Arima(transform),0;1;0;0;12;1;0,462.1217256,15.58593098,26.63142494,28.85832075,2.212284857,1.014413544,0.39947866,44.6668238,47.39219014,24.92306665,Arima(transform),0;1;0;0;12;1;0,462.1217256,15.58593098,26.63142494,28.85832075,2.212284857,1.014413544,0.39947866,256.5306915,14.32276606,1.228072459,0.563116152,0.221756587,462.1217256,28.85832075,2.212284857,1.014413544,0.39947866
28,MICRO,SHIPMENTS (Code TD-AUTOUNITS),108,0,1,6.807813318,7.984488097,7.802135559,ETS,M;N;M;FALSE,198.9473463,4.8507342,5.934841331,5.318493087,0.484580816,0.90202827,0.553573621,7.979589,8.69274587,6.974424699,Arima(transform),0;0;0;0;12;0;1,268.5327452,6.341946752,7.089390012,7.523760084,0.654071639,1.21752882,0.747195913,198.9473463,5.318493087,0.484580816,0.90202827,0.553573621,369.1364705,10.75149332,0.899114542,1.673666617,1.027127109
29,MICRO,SHIPMENTS (Code TD-AUTOUNITS),108,1,1,23.21593639,34.30508775,29.80124836,ETS,M;A;M;TRUE,172.5525667,17.55869444,22.68676833,33.38891472,0.625694239,0.714339052,1.112489601,35.75800004,38.00559198,35.024813,Arima(transform),0;1;0;0;12;1;0,292.7207016,28.77709518,33.49547667,48.81813878,1.061436871,1.211815232,1.887243654,172.5525667,33.38891472,0.625694239,0.714339052,1.112489601,292.7207016,48.81813878,1.061436871,1.211815232,1.887243654
30,MICRO,SHIPMENTS (Code TD-AUTOUNITS),108,0,1,21.04637304,27.72535775,27.61241621,ETS,M;N;M;FALSE,870.5515688,33.78197623,24.31604353,23.0026524,0.506461805,0.704900056,0.408765456,29.00622989,37.27924825,41.22081337,ETS,M;N;M;FALSE,870.5515688,33.78197623,24.31604353,23.0026524,0.506461805,0.704900056,0.408765456,870.5515688,23.0026524,0.506461805,0.704900056,0.408765456,949.9847053,22.8663041,0.552673714,0.769218385,0.446063099
31,MICRO,SHIPMENTS (Code TD-AUTOUNITS),108,0,0,21.78189093,19.88253105,21.39518745,Arima,1;0;1;0;12;0;0,1334.222071,26.26496726,26.54103028,26.61714643,0.895785053,1.09913031,0.898660848,22.07596313,22.30776115,24.13866754,ETS,M;N;M;FALSE,818.284531,22.62270788,17.74591295,17.15706252,0.549389092,0.674101673,0.55115283,818.284531,17.15706252,0.549389092,0.674101673,0.55115283,1526.034317,30.18899929,1.024566121,1.257144975,1.02785535
32,MICRO,SHIPMENTS (Code TD-AUTOUNITS),108,1,0,4.843708173,3.749703391,3.792408827,Arima,0;1;2;0;12;1;0,363.0433177,3.826102189,6.460075502,7.866540183,1.256688408,1.47845695,0.837130271,7.397310797,5.473706279,5.745178232,Arima,0;1;2;0;12;1;0,363.0433177,3.826102189,6.460075502,7.866540183,1.256688408,1.47845695,0.837130271,329.9973496,7.172832709,1.142298518,1.343880609,0.760930603,363.0433177,7.866540183,1.256688408,1.47845695,0.837130271
33,MICRO,SHIPMENTS (Code TD-AUTOUNITS),108,1,0,9.354265003,7.48959233,7.324184635,Arima(transform),0;1;2;0;12;1;0,278.61845,6.140057722,6.3683229,7.365689371,1.00302642,0.764501845,0.80587964,11.58067064,10.80640772,10.03804573,Arima(transform),0;1;2;0;12;1;0,278.61845,6.140057722,6.3683229,7.365689371,1.00302642,0.764501845,0.80587964,502.6499893,14.28082288,1.809539961,1.379222532,1.453871387,259.4942052,6.873056128,0.934179139,0.712026783,0.750564425
34,MICRO,SHIPMENTS (Code TD-AUTOUNITS),108,0,1,20.0601858,23.69845429,23.2850494,ETS,M;N;M;FALSE,1062.956683,27.38566404,32.62211501,36.49869703,1.001739282,1.534340039,0.902713346,57.17443201,31.62257278,31.36915663,Arima(transform),0;1;0;0;12;1;0,855.5225314,27.6047966,28.84905558,31.39774209,0.8062516,1.234916244,0.726550404,1062.956683,36.49869703,1.001739282,1.534340039,0.902713346,855.5225314,31.39774209,0.8062516,1.234916244,0.726550404
35,MICRO,SHIPMENTS (Code TD-AUTOUNITS),108,0,1,1.365790746,2.215319579,2.216779371,ETS,M;N;M;FALSE,113.3029035,2.545455823,2.048755107,1.810501574,0.918672191,0.864174688,1.028860878,2.575270649,2.614458605,2.807954945,ETS,M;N;M;FALSE,113.3029035,2.545455823,2.048755107,1.810501574,0.918672191,0.864174688,1.028860878,113.3029035,1.810501574,0.918672191,0.864174688,1.028860878,93.39214967,1.481780416,0.757233646,0.712313006,0.848058841
36,MICRO,SHIPMENTS (Code TD-AUTOUNITS),108,1,0,1.855995104,1.836170037,1.836168637,Arima(transform),0;1;0;0;12;1;0,144.1981579,2.541771272,2.24988128,2.194674477,0.926988158,0.888892754,0.908609737,2.960373921,3.014917544,3.047094555,ETS,A;N;N;FALSE,143.1541536,2.49382113,2.177923862,2.178689023,0.920276701,0.882457111,0.902031341,143.1541536,2.178689023,0.920276701,0.882457111,0.902031341,143.5982655,2.185486584,0.923131707,0.885194787,0.904829743
37,MICRO,SHIPMENTS (Code TD-AUTOUNITS),108,0,0,1.747135474,1.154451368,1.158358464,Arima,1;0;0;0;12;0;0,81.25100422,1.800044449,1.245088647,1.565869092,1.462518076,0.943560049,1.505429862,2.59073471,1.883411889,1.862551296,Arima(transform),1;0;0;0;12;0;0,79.02559419,1.767576605,1.205178113,1.523477716,1.422460695,0.917716578,1.464197156,82.32736767,1.586380173,1.481892618,0.956059754,1.525372873,79.02559419,1.523477716,1.422460695,0.917716578,1.464197156
38,MICRO,SHIPMENTS (Code TD-AUTOUNITS),108,1,0,21.02525867,21.00506678,16.71919233,Arima(transform),0;1;0;0;12;1;0,131.8343028,5.66988548,4.805566506,4.710360636,1.007650722,0.49489415,1.000819326,19.26633481,19.46932367,17.07942562,Arima(transform),0;1;0;0;12;1;0,131.8343028,5.66988548,4.805566506,4.710360636,1.007650722,0.49489415,1.000819326,193.6703012,6.873472787,1.480282557,0.727020943,1.470246941,131.8343028,4.710360636,1.007650722,0.49489415,1.000819326
39,INDUSTRY,"Rubber, natural, stocks",126,1,0,8.63915427,8.607595708,8.599425394,Arima(transform),1;0;0;0;12;1;0,350.5741763,2.763905662,8.426073827,7.644124304,0.99453667,0.293367512,0.753986017,14.64967827,14.82026165,14.95531524,ETS,A;N;N;FALSE,356.6787418,2.793319064,8.558853654,7.785263369,1.011854587,0.298475935,0.767115213,356.6787418,7.785263369,1.011854587,0.298475935,0.767115213,350.5741763,7.644124304,0.99453667,0.293367512,0.753986017
40,INDUSTRY,"Air carriers (certificated), passenger-load factor",126,0,1,2.707087636,2.855299239,2.27461797,Arima(transform),1;0;0;1;12;0;1,176.9759074,3.15802546,2.426931256,2.754842138,0.283665747,0.854039232,0.246461667,3.08828004,2.320262986,2.472065232,Arima,1;0;0;1;12;0;1,143.4355831,2.847829763,1.899205603,2.167212402,0.229905654,0.692182439,0.19975246,179.6334421,2.754374813,0.287925375,0.866863796,0.250162625,143.4355831,2.167212402,0.229905654,0.692182439,0.19975246
41,INDUSTRY,"Foreign travel, passports issued",116,0,1,27.96035587,14.06713564,32.89493074,Arima,3;2;0;1;12;0;1,750.3466652,12.48476866,18.85147632,25.82113072,0.811185584,0.988020481,0.730012125,11.90916771,14.95476986,14.72554281,ETS,M;N;M;FALSE,729.7577608,9.604786053,18.76036666,24.21073634,0.788927309,0.96091,0.709981184,729.7577608,24.21073634,0.788927309,0.96091,0.709981184,750.3466652,25.82113072,0.811185584,0.988020481,0.730012125
42,INDUSTRY,"Food and dairy products glass containers, shipments",126,0,1,5.869248155,6.107283075,6.127617435,ETS,M;N;A;FALSE,292.5084191,4.990571964,4.860678516,4.800173064,0.621036983,0.731372627,0.634994581,7.551406961,7.880736275,7.777536109,ETS,M;N;A;FALSE,292.5084191,4.990571964,4.860678516,4.800173064,0.621036983,0.731372627,0.634994581,292.5084191,4.800173064,0.621036983,0.731372627,0.634994581,342.8433413,5.574615803,0.727905183,0.857227413,0.744264607
43,INDUSTRY,"Five-sixteenth mobile home board, sales",126,1,1,13.66129294,13.11873308,14.04723105,Arima,0;1;0;1;12;1;1,1461.063895,12.29486993,12.49996462,18.80173244,1.082269552,0.575473744,1.361126931,12.87077775,13.48290468,14.43692976,ETS,A;A;A;TRUE,1779.081985,13.96919728,16.454835,23.59156193,1.317838508,0.700732511,1.657392542,1779.081985,23.59156193,1.317838508,0.700732511,1.657392542,1461.063895,18.80173244,1.082269552,0.575473744,1.361126931
44,INDUSTRY,"Lumber, imports, total sawmill",126,1,0,20.39812323,14.98788059,18.44126165,Arima,1;1;0;2;12;1;0,1682.39468,8.180968133,34.35463463,40.67751532,1.075356139,0.982388381,1.128150758,15.12305972,18.38529873,18.70485536,ETS,A;N;A;FALSE,1693.840925,7.543808339,34.31482171,41.12276931,1.082672371,0.989072103,1.135826181,1693.840925,41.12276931,1.082672371,0.989072103,1.135826181,1682.39468,40.67751532,1.075356139,0.982388381,1.128150758
45,INDUSTRY,"Lumber, softwoods, southern pine, unfilled orders",126,1,0,8.474547274,5.583450128,8.179810043,Arima,1;1;0;0;12;1;0,981.2256839,18.40515664,22.11173871,24.11928253,1.227811075,0.858632101,1.432167486,10.80921098,11.60112254,12.77467341,ETS,M;N;N;FALSE,976.7270352,18.4558953,22.03006805,23.99373079,1.2221819,0.85469551,1.425601394,976.7270352,23.99373079,1.2221819,0.85469551,1.425601394,981.2256839,24.11928253,1.227811075,0.858632101,1.432167486
46,INDUSTRY,"Passenger cars, total factory sales (from U.S. plants)",126,1,1,10.27841253,15.81344155,15.7127076,ETS,A;A;A;TRUE,299.1594572,6.28181563,4.959636332,6.656330497,0.316199074,0.834863601,0.260267409,16.56702654,19.82886239,21.5123118,ETS,A;A;A;TRUE,299.1594572,6.28181563,4.959636332,6.656330497,0.316199074,0.834863601,0.260267409,299.1594572,6.656330497,0.316199074,0.834863601,0.260267409,411.7133357,8.642795443,0.435163831,1.148967448,0.358188787
47,INDUSTRY,"Passenger cars, from Canada (new), imports (complete units)",126,0,1,9.823522442,11.77371058,13.49089217,ETS,A;N;A;FALSE,792.9203735,6.864595854,10.00118918,13.99326528,0.697413473,0.94708472,0.682669284,12.37907908,12.50678932,13.22745705,ETS,A;N;A;FALSE,792.9203735,6.864595854,10.00118918,13.99326528,0.697413473,0.94708472,0.682669284,792.9203735,13.99326528,0.697413473,0.94708472,0.682669284,630.6201927,10.96768031,0.554662276,0.753229162,0.542936025
48,INDUSTRY,"Trucks and buses, (0 - 10,000 lbs. GVW), domestics, retail sales",116,1,0,7.385881207,9.234180968,9.143522538,ETS,M;A;N;TRUE,693.8452845,10.0683339,13.18091845,17.75068501,1.282391942,0.77490942,1.824741792,8.455182221,12.83708136,14.91780676,ETS,M;A;N;TRUE,693.8452845,10.0683339,13.18091845,17.75068501,1.282391942,0.77490942,1.824741792,693.8452845,17.75068501,1.282391942,0.77490942,1.824741792,514.2828448,12.7712881,0.950517631,0.574368133,1.352511029
49,INDUSTRY,"Truck trailer bodies, detachable, sold separately, shipments",126,1,0,96.11492181,54.61751947,135.8418718,Arima,1;1;0;2;12;1;0,6827.319999,35.54261979,77.33795548,110.8000574,1.013331354,0.991262432,0.877301983,83.35916831,86.99803614,87.53849259,ETS,M;N;M;FALSE,6818.991989,43.77346108,77.57715962,111.2205793,1.012095286,0.990053283,0.876231845,6818.991989,111.2205793,1.012095286,0.990053283,0.876231845,6855.272228,112.2540249,1.017480108,0.995320832,0.880893809
50,INDUSTRY,"Nitric acid, production",126,0,1,3.930097325,4.677964266,4.666572166,ETS,A;N;A;FALSE,401.1098338,4.410401613,5.001505151,6.061533677,1.047892164,1.291588016,1.091620352,10.54224115,12.54581045,12.56718212,ETS,A;N;A;FALSE,401.1098338,4.410401613,5.001505151,6.061533677,1.047892164,1.291588016,1.091620352,401.1098338,6.061533677,1.047892164,1.291588016,1.091620352,522.7040269,7.809816851,1.365554787,1.683125668,1.42253893
51,INDUSTRY,"Nitrogen (high and low purity), production",126,1,0,5.496241088,3.661770868,3.853329207,Arima,0;1;0;0;12;1;0,192.9280587,2.791446228,2.847355487,3.08678972,0.487664133,0.895604141,0.840270706,6.112785078,5.556875532,5.83195565,Arima,0;1;0;0;12;1;0,192.9280587,2.791446228,2.847355487,3.08678972,0.487664133,0.895604141,0.840270706,153.1206824,2.45205946,0.387043053,0.710811679,0.666895343,192.9280587,3.08678972,0.487664133,0.895604141,0.840270706
52,INDUSTRY,"Paints, varnish, & lacquer, spec. purpose coatings, shpmnts",126,0,1,4.067322519,3.754363176,6.052970808,Arima,0;3;0;1;12;0;1,404.1532194,6.833835864,9.553179839,9.153322354,0.806872,0.608257354,0.770640282,7.14701777,5.525683584,6.933091357,Arima,0;3;0;1;12;0;1,404.1532194,6.833835864,9.553179839,9.153322354,0.806872,0.608257354,0.770640282,289.9446535,6.630161218,0.578860222,0.436371552,0.552867128,252.5265866,5.764858738,0.504156894,0.380056736,0.481518272
53,INDUSTRY,"Woodpulp, production, semi-chemical",126,0,1,5.892052966,4.531965058,4.567981742,Arima,1;1;0;1;12;0;1,75.10130274,2.143588465,2.110399901,2.194441107,0.590315917,0.590315917,0.544387665,3.774083567,3.098247721,3.121646718,Arima,1;1;0;1;12;0;1,75.10130274,2.143588465,2.110399901,2.194441107,0.590315917,0.590315917,0.544387665,117.1783802,3.458949233,0.92105277,0.92105277,0.849392254,86.80604162,2.513195821,0.682318231,0.682318231,0.629231938
54,INDUSTRY,"Groundwood paper uncoated, new orders",115,0,1,13.11011188,14.74120182,14.3526433,ETS,M;N;M;FALSE,724.3192762,8.794399542,10.10237608,9.823856022,0.918151195,0.724319276,0.888910711,12.90548748,12.62118749,12.79271911,Arima,0;1;0;2;12;1;0,963.6393849,11.03518134,11.64197326,13.35475499,1.221514713,0.963639385,1.182612971,724.3192762,9.823856022,0.918151195,0.724319276,0.888910711,963.6393849,13.35475499,1.221514713,0.963639385,1.182612971
55,INDUSTRY,"Newsprint, Canada, production",115,1,0,9.680982175,4.731487963,4.785517401,Arima,1;1;0;2;12;1;0,994.2427567,18.58614134,14.571442,13.46467652,1.164370177,1.205142735,1.17933243,6.233448763,6.492529183,6.428290231,ETS,A;N;A;FALSE,936.4363767,16.68016475,14.06502456,12.61985142,1.0966724,1.135074396,1.11076473,936.4363767,12.61985142,1.0966724,1.135074396,1.11076473,1000.232322,13.55350809,1.171384632,1.212402814,1.186437021
56,INDUSTRY,"Bituminous coal, consumption, total",123,1,1,2.09200709,2.170627767,2.13308389,ETS,M;A;M;TRUE,238.2845939,3.855802133,3.661685238,3.271627275,0.434892035,1.176810901,0.454520395,4.379667128,3.86033402,3.890275735,Arima,1;0;0;1;12;0;1,217.8952075,1.241441685,2.415889385,2.939173592,0.397679466,1.076114285,0.41562828,238.2845939,3.271627275,0.434892035,1.176810901,0.454520395,217.8952075,2.939173592,0.397679466,1.076114285,0.41562828
57,INDUSTRY,Gross input to crude oil distillation units,126,0,1,2.66656163,2.485220417,2.407978774,Arima(transform),1;2;2;0;12;0;1,88.47602739,1.770860937,1.872151285,2.120650632,0.70812294,0.946830257,0.626423304,1.899637127,2.357672924,2.290123179,ETS,A;N;A;FALSE,61.61085955,1.199806654,1.522990146,1.472054591,0.493106035,0.659331434,0.436213959,61.61085955,1.472054591,0.493106035,0.659331434,0.436213959,88.97796178,2.132558265,0.712140201,0.952201731,0.629977073
58,INDUSTRY,"Gasoline (incl. aviation), production",126,1,1,1.412175917,2.636873628,2.596868796,ETS,A;A;A;FALSE,122.9908036,3.129882616,2.467360112,2.791871319,0.746404068,0.917081386,0.871687209,2.279425036,2.721697902,2.64906276,ETS,A;A;A;FALSE,122.9908036,3.129882616,2.467360112,2.791871319,0.746404068,0.917081386,0.871687209,122.9908036,2.791871319,0.746404068,0.917081386,0.871687209,118.028729,2.65712564,0.716290331,0.880081658,0.836518913
59,INDUSTRY,"Liquefied gases, stocks (at plants and refineries)",126,1,1,5.873767025,6.198987786,6.60982255,ETS,A;A;A;FALSE,568.983675,6.074859006,8.91974116,10.81873222,0.540887571,1.165817433,0.537960113,8.323935817,5.604278003,6.298640163,Arima,2;0;0;1;12;0;1,501.5772435,5.311615101,7.276056418,9.376231765,0.476809632,1.027705223,0.474228985,568.983675,10.81873222,0.540887571,1.165817433,0.537960113,501.5772435,9.376231765,0.476809632,1.027705223,0.474228985
60,INDUSTRY,"Hosiery, shipments",126,0,1,5.883608019,7.502204447,7.450709932,ETS,M;N;M;FALSE,278.932771,5.530190526,5.163567675,5.036842668,0.786218271,0.581742854,0.756845187,7.139380727,6.230679258,6.270705891,Arima,1;1;0;1;12;0;1,392.0904977,7.524994407,6.893480341,7.046993212,1.105172089,0.81774488,1.063882903,278.932771,5.036842668,0.786218271,0.581742854,0.756845187,388.0988746,6.969691013,1.093921037,0.809419941,1.053052191
61,INDUSTRY,"Barley, exports (incl. malt)",126,0,0,49.73724127,73.81304799,95.54717361,ETS,A;N;N;FALSE,9397.002826,70.95062327,82.54270331,63.68813955,0.747111532,0.630530272,0.669918461,97.50864145,99.97052921,101.9162376,ETS,A;N;N;FALSE,9397.002826,70.95062327,82.54270331,63.68813955,0.747111532,0.630530272,0.669918461,9397.002826,63.68813955,0.747111532,0.630530272,0.669918461,8530.136135,62.94353299,0.678191035,0.572364312,0.608118969
62,INDUSTRY,"Wheat flour (millfeed), production",126,0,1,6.594795311,3.787090501,7.541339061,Arima,0;3;0;1;12;0;1,221.2261224,3.160543889,3.831268207,3.865115949,0.541042147,0.681861336,0.624932549,5.487484921,5.544482178,6.400092219,ETS,M;N;M;FALSE,194.9614351,2.386007606,3.218352416,3.413597255,0.476807858,0.600908533,0.550738517,194.9614351,3.413597255,0.476807858,0.600908533,0.550738517,221.2261224,3.865115949,0.541042147,0.681861336,0.624932549
63,INDUSTRY,"Beef and veal, imports",126,0,0,21.95403845,24.89434315,24.04492525,ETS,A;N;N;FALSE,1227.960381,28.11619991,22.60718767,21.0565132,0.478426122,0.821683526,0.434665983,17.85399775,17.44506839,17.66834108,Arima,1;0;0;1;12;0;0,641.0753664,18.07348708,14.00952151,11.66460724,0.249769623,0.428972364,0.226923978,1227.960381,21.0565132,0.478426122,0.821683526,0.434665983,600.9134773,10.94747363,0.234122134,0.402098238,0.212707716
64,INDUSTRY,"Cigars (large), taxable withdrawals",126,1,1,5.341564605,6.874273623,6.756518891,ETS,M;A;A;FALSE,263.3645833,5.575337587,7.439937206,7.892521804,0.326935345,1.362230603,0.351082041,8.321903246,8.252528299,8.512632138,Arima,3;1;2;0;12;0;1,242.07377,5.998542292,6.382976327,7.15370716,0.30050537,1.252105707,0.322700009,263.3645833,7.892521804,0.326935345,1.362230603,0.351082041,242.07377,7.15370716,0.30050537,1.252105707,0.322700009
65,INDUSTRY,"Iron and steel scrap, composite price, No. 1 heavy melting",115,0,0,15.54210555,16.48562848,16.42883407,ETS,A;N;N;FALSE,1109.583099,3.325630028,13.53325028,22.04068884,0.999999789,1.038611325,1.095769831,8.081228736,9.430704063,8.943713091,ETS,A;N;N;FALSE,1109.583099,3.325630028,13.53325028,22.04068884,0.999999789,1.038611325,1.095769831,1109.583099,22.04068884,0.999999789,1.038611325,1.095769831,1103.563261,21.89974191,0.994574475,1.032976531,1.089824934
66,INDUSTRY,"Castings, gray and ductile iron, total shipments",126,0,1,7.901604282,14.21185074,13.11660423,ETS,M;N;M;FALSE,240.1654336,4.933384802,5.173668338,6.593254655,0.588560627,0.771960322,0.685012646,9.214355432,13.73968917,10.43105194,ETS,M;N;M;FALSE,240.1654336,4.933384802,5.173668338,6.593254655,0.588560627,0.771960322,0.685012646,240.1654336,6.593254655,0.588560627,0.771960322,0.685012646,261.220727,7.138867443,0.640159712,0.839638051,0.745067675
67,INDUSTRY,"Aluminum Products, castings shipments",126,0,1,6.808120612,16.41189684,15.82331717,ETS,A;N;A;FALSE,361.9324201,5.906528534,6.020027962,10.10882978,0.593331836,1.272418664,0.528769898,6.981619045,11.19272186,11.08038645,ETS,A;N;A;FALSE,361.9324201,5.906528534,6.020027962,10.10882978,0.593331836,1.272418664,0.528769898,361.9324201,10.10882978,0.593331836,1.272418664,0.528769898,674.0520115,17.39319243,1.105003297,2.369714103,0.984765094
68,INDUSTRY,"Lead stocks, consumers'",126,1,0,27.6407186,27.6376699,27.61961776,Arima(transform),0;1;0;0;12;1;0,608.8128176,4.367007521,6.143810348,10.42435155,0.947159094,0.35202797,1.225095998,13.8999879,14.17236837,14.19575213,ETS,A;N;N;FALSE,625.1886846,3.843935401,6.143262492,10.68309142,0.97263581,0.36149683,1.25804867,625.1886846,10.68309142,0.97263581,0.36149683,1.25804867,625.4445027,10.68711473,0.973033798,0.361644749,1.258563446
69,INDUSTRY,"Machine tools (metal cutting), net new orders, total",116,1,0,33.0174322,20.81871947,24.17988849,Arima,3;0;0;0;12;1;0,1443.572332,31.11804389,40.12494131,41.56016323,0.720305538,1.427003239,0.741360409,26.21300352,23.64798634,27.57977062,Arima,3;0;0;0;12;1;0,1443.572332,31.11804389,40.12494131,41.56016323,0.720305538,1.427003239,0.741360409,1400.532075,39.94123177,0.698829555,1.384456991,0.719256672,1548.34413,45.66539035,0.772583975,1.530572482,0.79516697
70,INDUSTRY,"Batteries (auto-type replacement), shipments",115,0,1,7.547036342,6.740369891,6.940039154,Arima,0;1;0;2;12;0;1,501.3423575,9.243199768,9.281203468,8.576677165,0.588008238,1.053978327,0.657379693,7.053541985,6.779519404,6.84336084,Arima,0;1;0;2;12;0;1,501.3423575,9.243199768,9.281203468,8.576677165,0.588008238,1.053978327,0.657379693,528.735026,8.997389595,0.620136213,1.111566278,0.69329803,469.5759949,8.031370605,0.550750499,0.987195504,0.615726397
71,INDUSTRY,Washers,116,1,1,4.793550924,5.796574962,5.82406223,ETS,A;A;A;TRUE,506.874311,8.172844122,7.202035402,9.241815523,1.14476005,0.981047054,0.976209363,8.144595993,6.706485931,6.830468078,Arima,0;1;0;2;12;1;0,364.8458723,5.415338091,5.993408569,6.447612978,0.823993187,0.706153301,0.702671153,506.874311,9.241815523,1.14476005,0.981047054,0.976209363,364.4675702,6.441049662,0.823138803,0.705421104,0.701942566
72,MACRO,Proprietors' income with iva. and cc. adj.: Farm,80,1,1,8.910478697,15.99753028,16.09626736,ETS,A;A;A;TRUE,884.6238477,12.0107276,20.88111878,20.73871384,0.49404993,0.810755054,0.539610719,20.6452695,16.6113077,17.58226882,Arima,0;1;1;0;12;1;0,1000.924978,11.26102038,24.20696655,23.26577251,0.55900247,0.917344684,0.610553116,884.6238477,20.73871384,0.49404993,0.810755054,0.539610719,1193.675863,27.67123448,0.666651118,1.094000281,0.728129014
73,MACRO,Personal saving,116,0,0,8.826875648,15.80086622,14.07878351,ETS,A;N;N;FALSE,822.8923745,24.18444179,19.15117964,18.72247027,1.035084748,1.165386526,0.970961686,15.52047442,16.08568055,14.77897897,Arima(transform),1;1;0;0;12;0;0,562.7817259,21.074248,16.49656082,12.70961097,0.707901542,0.797015819,0.664047341,822.8923745,18.72247027,1.035084748,1.165386526,0.970961686,567.869846,12.84325602,0.714301693,0.804221654,0.670051006
74,MACRO,"Industrial production, total",116,1,0,4.586554475,6.180305496,6.177439028,ETS,A;A;N;TRUE,186.8624479,1.575875342,2.381688206,3.412363619,0.883974787,0.705141313,1.764139684,1.708319191,2.483615324,2.688646087,ETS,A;A;N;TRUE,186.8624479,1.575875342,2.381688206,3.412363619,0.883974787,0.705141313,1.764139684,186.8624479,3.412363619,0.883974787,0.705141313,1.764139684,154.9302312,2.818931344,0.73291568,0.584642382,1.462672528
75,MACRO,"Industrial production, consumer chemical products, total",116,1,0,1.068448358,0.931668956,0.897850904,Arima(transform),0;1;0;1;12;1;0,98.98116492,1.670302899,2.035668613,1.634154596,0.330242997,0.366596907,0.541380889,1.33894166,1.17780317,1.726311861,Arima,0;1;0;1;12;1;0,93.61825719,1.622192316,1.955311809,1.545196604,0.31235007,0.346734286,0.512048281,117.9492404,1.949283959,0.393528513,0.436849038,0.645127431,93.61825719,1.545196604,0.31235007,0.346734286,0.512048281
76,MACRO,"Industrial production, defense and space equipment",116,1,0,5.703407567,4.450524563,5.575511237,Arima,2;2;0;0;12;2;0,46.19986007,0.383841122,0.670495504,1.269658375,0.152446834,0.081769664,0.129202443,3.888826869,3.706591318,4.031722045,Arima,2;2;0;0;12;2;0,46.19986007,0.383841122,0.670495504,1.269658375,0.152446834,0.081769664,0.129202443,19.94887473,0.537363365,0.065825801,0.035307743,0.055788986,46.19986007,1.269658375,0.152446834,0.081769664,0.129202443
77,MACRO,"Industrial production, mining, total",116,0,0,3.847914846,3.958251352,3.958251352,ETS,M;N;N;FALSE,28.33333333,0.429889846,0.572950823,0.580786227,1,0.523076923,0.757849851,1.681651875,1.688887735,1.688887735,ETS,M;N;N;FALSE,28.33333333,0.429889846,0.572950823,0.580786227,1,0.523076923,0.757849851,28.33333333,0.580786227,1,0.523076923,0.757849851,28.33333333,0.580786457,1,0.523076923,0.757849851
78,MACRO,"Industrial production, manufacturing, total",116,1,0,5.874335276,7.211947117,7.33245185,ETS,M;A;N;TRUE,198.3003303,1.577120962,2.470932971,3.595812774,0.861135331,0.663458354,1.899410873,2.060000883,2.927864207,2.923270574,ETS,M;A;N;TRUE,198.3003303,1.577120962,2.470932971,3.595812774,0.861135331,0.663458354,1.899410873,198.3003303,3.595812774,0.861135331,0.663458354,1.899410873,105.4939662,1.889417731,0.458116138,0.35295379,1.010469252
79,MACRO,"Industrial production, transportation equipment, total",116,1,0,3.655950193,9.316843083,9.583614757,ETS,M;A;N;TRUE,191.0713351,2.275848251,2.57281419,3.63268328,0.955356676,0.817903456,1.239828418,4.806310091,8.318662628,8.340727657,ETS,M;A;N;TRUE,191.0713351,2.275848251,2.57281419,3.63268328,0.955356676,0.817903456,1.239828418,191.0713351,3.63268328,0.955356676,0.817903456,1.239828418,193.7595602,3.684932803,0.968797801,0.829410722,1.25727184
80,MACRO,"Industrial production, chemicals and products, total",116,1,0,3.15741277,0.85884665,0.693750253,Arima(transform),0;1;2;1;12;1;0,30.05606213,0.514068588,0.617083009,0.512927348,0.159120329,0.134746978,0.497350402,1.743684437,1.976487205,2.640028976,ETS,A;A;N;TRUE,145.6701824,1.141850353,2.009578225,2.502607888,0.771195083,0.65306682,2.410466266,145.6701824,2.502607888,0.771195083,0.65306682,2.410466266,30.05606213,0.512927348,0.159120329,0.134746978,0.497350402
81,MACRO,"Business sales, retail trade, durable goods",116,1,0,2.226226603,0.928949931,1.068545839,Arima,1;2;0;0;12;1;0,401.5326949,3.195763623,4.144524826,6.248187243,0.630410078,0.472215482,1.0130989,4.46940372,5.273896554,5.304213637,ETS,M;A;N;TRUE,630.4017299,5.046429301,6.971101854,10.04607863,0.989736599,0.741372896,1.590553665,630.4017299,10.04607863,0.989736599,0.741372896,1.590553665,436.2809627,6.814074462,0.684965183,0.513080573,1.100771542
82,MACRO,"Business invent., manufacturing, durable goods",116,1,0,3.23483956,2.764668417,3.038635687,Arima,3;1;0;0;12;2;0,115.6528094,1.877958249,2.313301497,2.402937779,1.026666224,0.594959265,0.612313123,2.963304299,3.302433923,2.915197533,Arima(transform),3;1;0;0;12;2;0,112.8162322,1.851704788,2.271109129,2.344755272,1.00148553,0.580366901,0.597295127,112.9423195,2.347343276,1.002604824,0.581015539,0.597962684,115.6528094,2.402937779,1.026666224,0.594959265,0.612313123
83,MACRO,Retail inventories in constant (1987) dollars,115,1,0,3.359987564,4.421801765,3.798122612,ETS,M;A;N;FALSE,52.06219571,0.625710263,0.969526693,1.080412368,0.410297514,0.244423454,1.715013575,2.680602572,2.630874105,2.152848873,Arima(transform),0;1;0;0;12;1;0,35.9231133,0.913437851,0.805759871,0.74856679,0.283106847,0.168653114,1.183365898,52.06219571,1.080412368,0.410297514,0.244423454,1.715013575,35.9231133,0.74856679,0.283106847,0.168653114,1.183365898
84,MACRO,"Manufacturers' shipments, transportation equipment",116,1,1,10.44953481,14.49296732,14.53782704,ETS,M;A;M;TRUE,613.127389,5.167149869,7.069078742,8.95809234,0.580094245,0.820957287,0.710624286,6.878769757,7.999207888,10.37550761,ETS,M;A;M;TRUE,613.127389,5.167149869,7.069078742,8.95809234,0.580094245,0.820957287,0.710624286,613.127389,8.95809234,0.580094245,0.820957287,0.710624286,662.9056033,9.859547465,0.627190584,0.887608669,0.768318019
85,MACRO,"Manufacturers' shipments, rubber and plastics products",116,1,1,3.624657846,6.028750181,1.631385734,Arima(transform),0;1;0;1;12;1;1,207.8647516,1.695732275,2.392859729,2.3655916,0.489093533,1.093385601,0.4270706,3.838424725,5.944499531,6.146651849,ETS,M;A;M;TRUE,148.9166305,2.267565396,2.015568825,1.734527515,0.350392072,0.783313662,0.30595815,148.9166305,1.734527515,0.350392072,0.783313662,0.30595815,140.6596325,1.624362467,0.330963841,0.739881176,0.288993652
86,MACRO,"Manufacturers' shipments, motor vehicles and parts",116,1,0,16.36386502,16.62569728,16.80757721,ETS,M;A;N;TRUE,830.8068734,12.30276287,13.8233596,18.95304468,1.048322051,0.883983385,1.281262304,9.750675286,12.75807396,14.14965741,ETS,M;A;N;TRUE,830.8068734,12.30276287,13.8233596,18.95304468,1.048322051,0.883983385,1.281262304,830.8068734,18.95304468,1.048322051,0.883983385,1.281262304,827.6492251,18.87198533,1.044337693,0.880623629,1.27639261
87,MACRO,"Manufacturers' shipments, home goods and apparel",116,1,0,6.282328921,4.745247037,5.027260653,Arima,1;0;0;1;12;1;0,639.7581287,4.153334154,6.440391937,7.525226845,0.778268261,0.544191972,1.022049616,2.310408729,2.850592925,2.768521253,ETS,M;A;N;TRUE,592.5680108,3.872272577,5.863407329,6.946640545,0.720861298,0.504051047,0.946660747,592.5680108,6.946640545,0.720861298,0.504051047,0.946660747,639.7581287,7.525226845,0.778268261,0.544191972,1.022049616
88,MACRO,"Manufacturers' inventories, total",116,1,0,5.010404983,3.584817837,3.046105341,Arima(transform),3;0;2;0;12;1;0,135.8810832,2.373398822,2.690683181,3.509397122,1.966773211,2.698164898,1.009397501,2.916281552,3.865464474,3.53658214,ETS,A;A;A;FALSE,62.67410751,1.322924217,1.467456903,1.637759625,0.90715906,1.244507866,0.465576856,62.67410751,1.637759625,0.90715906,1.244507866,0.465576856,215.1113509,5.485574026,3.11356984,4.271425296,1.597962386
89,MACRO,"Manufacturers' inventories, electronic and other electrical equ.",116,1,0,1.647808134,1.276404378,2.100399925,Arima,0;2;0;1;12;2;0,161.3272232,0.9403614,1.424715292,2.462199595,0.719746695,0.699968668,1.070917292,2.964367742,2.690591781,2.655182294,Arima(transform),0;2;0;1;12;2;0,162.062507,0.937226069,1.429979702,2.473565436,0.723027097,0.703158927,1.07579823,181.3610337,2.773001609,0.809125714,0.786891628,1.203905102,162.062507,2.473565436,0.723027097,0.703158927,1.07579823
90,MACRO,"Manufacturers' inventories, textile mill products",116,1,0,1.827736303,3.176574296,2.9398527,ETS,A;A;N;TRUE,84.20551491,0.27208595,0.45330456,0.899945975,0.398973221,0.155759867,1.236954305,2.435391128,3.135624719,2.984861442,ETS,A;A;N;TRUE,84.20551491,0.27208595,0.45330456,0.899945975,0.398973221,0.155759867,1.236954305,84.20551491,0.899945975,0.398973221,0.155759867,1.236954305,88.48316291,0.948935609,0.419241098,0.163672483,1.299791699
91,MACRO,"Manufacturers' inventories, automotive equipment",116,1,0,8.052324035,9.577318226,9.177571741,ETS,M;A;N;TRUE,128.0942386,2.352633761,1.778754815,2.075791985,1.006854277,0.67974537,0.519711158,4.302688385,4.068662257,3.923363703,Arima(transform),0;1;0;2;12;2;0,115.368162,1.790939696,1.379577088,1.871160026,0.906823981,0.612213124,0.468078204,128.0942386,2.075791985,1.006854277,0.67974537,0.519711158,115.368162,1.871160026,0.906823981,0.612213124,0.468078204
92,MACRO,"Manufacturers' new orders, durable goods industries, total",116,1,0,2.941020692,2.816415724,2.705641958,Arima(transform),1;0;0;1;12;1;0,344.6515259,4.351451929,3.620459583,5.205945787,0.531093306,0.517531479,0.694981589,5.277577857,6.219235352,6.294147124,ETS,M;A;N;TRUE,614.4431985,6.012476335,6.64773014,9.538978379,0.946830771,0.922652805,1.239010067,614.4431985,9.538978379,0.946830771,0.922652805,1.239010067,444.9038401,6.788831756,0.685577848,0.668071153,0.897137991
93,MACRO,"Manufacturers' new orders, nondurables with unfilled orders",116,1,0,3.572530244,3.244512269,2.887716112,Arima(transform),0;3;0;0;12;1;0,89.6355626,0.777805493,1.38489252,1.508694126,0.396559044,0.584156454,1.054341881,3.700929982,3.720966684,4.264495885,ETS,M;A;N;TRUE,109.0015253,1.773811922,1.331012531,1.851160736,0.482236508,0.710364756,1.28213479,109.0015253,1.851160736,0.482236508,0.710364756,1.28213479,89.6355626,1.508694126,0.396559044,0.584156454,1.054341881
94,MACRO,"Manufacturers' new orders, capital goods nondefense",116,1,0,12.13626855,16.04797814,17.4006308,ETS,M;A;N;TRUE,677.7338878,6.534325332,7.004781502,10.90950902,0.770804214,0.943904457,0.907874328,10.95843581,10.3398108,11.7767751,Arima,0;1;1;0;12;1;0,670.6820704,7.415008504,7.150754891,10.7878033,0.762784001,0.934083136,0.898427901,677.7338878,10.90950902,0.770804214,0.943904457,0.907874328,670.6820704,10.7878033,0.762784001,0.934083136,0.898427901
95,MACRO,"Manufacturers' unfilled orders, automotive equipment",116,1,0,7.255850841,12.32163935,17.8504542,ETS,A;A;N;TRUE,212.05914,1.045074512,2.348431032,6.104183051,1.183953015,1.046918409,1.216373455,8.509939915,19.66091785,16.71452244,ETS,A;A;N;TRUE,212.05914,1.045074512,2.348431032,6.104183051,1.183953015,1.046918409,1.216373455,212.05914,6.104183051,1.183953015,1.046918409,1.216373455,364.2864924,10.90628732,2.033857588,1.798452239,2.089551148
96,MACRO,"Failures, trade retail",115,1,1,11.13434432,23.11589456,22.41016256,ETS,M;A;M;TRUE,2332.404087,12.99177962,23.19313724,30.16809549,1.449198259,1.746755713,1.215409237,19.50503584,17.02931137,17.51528687,Arima,0;1;0;2;12;1;0,1933.712628,11.92866192,19.49193822,26.15149611,1.201478333,1.448172553,1.007652234,2332.404087,30.16809549,1.449198259,1.746755713,1.215409237,1921.893776,26.02081699,1.194134897,1.439321321,1.001493463
97,MACRO,INDUSTRIAL PRODUCTION :TOTAL-FINLAND,114,1,1,2.336330642,2.691141737,4.767926747,ETS,M;A;M;TRUE,715.682933,3.945841301,7.87894674,10.33611607,0.626875562,0.885380948,0.761309077,3.183621547,2.631161608,2.74735433,Arima,1;1;0;1;12;1;1,438.8431703,2.655541381,4.886616935,6.215945165,0.384388178,0.542898767,0.466820254,715.682933,10.33611607,0.626875562,0.885380948,0.761309077,397.2958662,5.638326096,0.347996379,0.491500041,0.422624231
98,MACRO,MINING AND QUARRYING,126,0,1,3.236630902,3.117523376,3.174541768,Arima,1;1;2;0;12;0;1,177.8684928,3.406130302,3.728576528,4.232169164,0.402721116,0.831592953,0.444300981,4.917010504,5.897142023,5.75529375,ETS,M;N;M;FALSE,276.1852181,5.360346215,4.989856687,6.518984291,0.625325022,1.291255565,0.689888138,276.1852181,6.518984291,0.625325022,1.291255565,0.689888138,177.8684928,4.232169164,0.402721116,0.831592953,0.444300981
99,MACRO,MANUFACTURERS'INVENTORIES OF FINISHED GOODS (USA),126,1,0,5.505380453,3.770903209,1.825051436,Arima(transform),3;0;0;0;12;1;0,456.4495347,4.331527818,5.92787879,4.835866853,0.369661281,0.235391119,0.50094894,2.65678386,2.329828295,2.684978838,Arima,0;1;0;0;12;2;0,331.6956001,3.32048267,3.754228644,3.450539633,0.268627769,0.171055489,0.364032706,329.7338116,3.440611694,0.267038991,0.170043795,0.361879662,331.6956001,3.450539633,0.268627769,0.171055489,0.364032706
100,MACRO,COMMODITY OUTPUT: CEMENT-SPAIN,114,1,1,5.486862819,4.032637213,8.586446433,Arima,0;2;0;1;12;1;1,234.010215,5.932482149,3.643107062,3.570079251,0.349849159,0.248433139,0.51670053,11.78030232,7.953147069,8.345101111,Arima,0;2;0;1;12;1;1,234.010215,5.932482149,3.643107062,3.570079251,0.349849159,0.248433139,0.51670053,347.9890824,5.380013806,0.520249459,0.36943695,0.768368779,234.010215,3.570079251,0.349849159,0.248433139,0.51670053
101,MACRO,PRODUCTION INDEX: ALL INDUSTRIES,89,1,1,1.563780006,3.315088982,3.329454601,ETS,A;A;A;FALSE,256.3058691,0.818058953,2.241883593,3.053527316,0.483089596,0.269009075,1.019303281,2.339808308,3.082459049,3.094573566,ETS,A;A;A;FALSE,256.3058691,0.818058953,2.241883593,3.053527316,0.483089596,0.269009075,1.019303281,256.3058691,3.053527316,0.483089596,0.269009075,1.019303281,255.5811876,3.044750231,0.481723704,0.268248477,1.016421293
102,MACRO,NUMBER OF PERSONS UNEMPLOYED LABOR FORCE SURVEY(USA),102,1,0,27.50854253,25.80146044,47.7123087,Arima,0;1;2;0;12;2;0,2817.371051,2.44204777,8.407643617,11.97666282,1.306354429,1.0023259,1.11411223,23.37962748,21.60319908,26.58097651,Arima,0;1;2;0;12;2;0,2817.371051,2.44204777,8.407643617,11.97666282,1.306354429,1.0023259,1.11411223,1850.432727,8.110137361,0.858005901,0.658321753,0.731742356,2614.525115,11.20214583,1.212299126,0.930160136,1.033898039
103,FINANCE,"Commercial paper outstanding, financial companies, dealer-placed",126,1,0,11.634571,11.38831147,12.54735192,Arima,2;2;0;2;12;1;0,1527.984613,4.722167915,10.40848754,12.99783904,1.990592866,2.892221297,0.99656887,5.087649804,7.167770524,10.45416395,ETS,M;A;N;FALSE,1565.71437,4.362937419,10.1112507,13.27174011,2.039745576,2.963637465,1.021176644,1565.71437,13.27174011,2.039745576,2.963637465,1.021176644,1926.338021,16.05074494,2.509550612,3.646238189,1.256379474
104,FINANCE,Required reserves held at all member banks of Fed. Reserve Syst.,116,1,0,27.41644369,13.05365712,11.70136604,Arima(transform),1;1;1;1;12;1;0,747.2298206,6.987333531,10.79955827,14.11616225,1.080072012,1.563696654,1.19275599,8.934390092,8.849249773,NA,Arima,0;1;2;0;12;1;0,937.6269496,9.132188771,14.72882605,18.12395963,1.355278655,1.962132778,1.496674958,627.8597048,11.7111284,0.907530289,1.313895796,1.002212978,937.6269496,18.12395963,1.355278655,1.962132778,1.496674958
105,FINANCE,"Large commercial banks, loans and leases (adjusted), total",116,1,0,8.052932501,7.879879773,7.691088925,Arima(transform),0;1;0;1;12;2;0,386.509057,2.049691701,2.297358384,3.884854672,1.367170792,1.629724386,2.263536356,2.617189261,2.596880458,2.379237781,Arima(transform),0;1;0;1;12;2;0,386.509057,2.049691701,2.297358384,3.884854672,1.367170792,1.629724386,2.263536356,380.496069,3.822708371,1.345901481,1.604370483,2.228322131,386.509057,3.884854672,1.367170792,1.629724386,2.263536356
106,FINANCE,"Consumer installment credit outstanding, commercial banks",115,1,1,2.994072221,1.644868404,1.480395013,Arima(transform),0;1;1;0;12;2;1,404.3774795,0.670196972,2.849332424,6.075283716,1.590103599,1.769085132,3.30981468,3.006791288,3.379876141,3.019161944,ETS,M;A;A;FALSE,334.0177473,0.512329065,2.20031942,4.971744596,1.313433238,1.461272847,2.73392288,334.0177473,4.971744596,1.313433238,1.461272847,2.73392288,298.0227394,4.414077965,1.171892735,1.303800593,2.439305075
107,FINANCE,"Consumer installment credit, automobile",115,1,0,2.592617937,2.498716789,4.130252395,Arima,0;1;0;0;12;2;0,410.7341431,1.15065744,2.851683728,5.259836631,1.817528345,2.103165203,3.802881308,3.528683714,4.164618408,4.403134691,ETS,A;A;N;FALSE,412.3436198,1.158425418,2.866211669,5.281243071,1.824650396,2.111406533,3.817783037,412.3436198,5.281243071,1.824650396,2.111406533,3.817783037,387.0914652,4.94688256,1.712907782,1.982102812,3.583979862
108,FINANCE,"Fed. Gov. finance, outlays (net), Defense Depart., military",116,1,0,13.78022941,13.71360799,11.54175025,Arima(transform),3;1;1;0;12;1;0,697.6813684,11.69181745,9.7426679,10.21604869,0.754005586,0.723160732,0.792164688,12.0960603,11.22220269,10.36781945,Arima(transform),3;1;1;0;12;1;0,697.6813684,11.69181745,9.7426679,10.21604869,0.754005586,0.723160732,0.792164688,752.8248854,11.00913381,0.81360087,0.780318093,0.854776001,830.3591902,11.91675103,0.897394564,0.860683955,0.942810369
109,FINANCE,"Money stock component, savings deposits",116,1,0,8.275625359,1.529013016,29.37465251,Arima,1;1;2;0;12;1;0,324.9222068,1.066132121,3.261644066,5.189403053,1.353685852,0.501294225,6.513926512,5.141310162,8.050373577,12.52768204,ETS,M;A;N;TRUE,96.35683449,0.836077291,1.215201203,1.618841575,0.401440347,0.148660583,1.931728043,96.35683449,1.618841575,0.401440347,0.148660583,1.931728043,324.9222068,5.189403053,1.353685852,0.501294225,6.513926512
110,FINANCE,"Money stock component, large time deposits",116,1,0,13.3800431,13.4702174,13.35041819,Arima(transform),0;2;0;1;12;2;0,248.2091963,0.444088758,3.021674479,7.82273613,0.849223633,0.363972752,0.704470716,4.838146374,7.052802356,7.146063332,ETS,A;A;N;TRUE,164.92334,2.22665965,3.757959085,4.65763457,0.564269173,0.24184278,0.468087666,164.92334,4.65763457,0.564269173,0.24184278,0.468087666,164.394272,5.041554897,0.562459018,0.241066957,0.466586058
111,FINANCE,"State and municipal securities issued, short-term (Bond Buyer)",116,1,1,47.35327344,45.67856837,42.57512406,Arima(transform),0;1;0;2;12;1;1,1993.845036,53.14468373,53.6663926,53.3835167,0.763080682,1.319068313,0.761732186,46.69728393,53.75887477,63.85953113,ETS,M;N;M;FALSE,1826.978323,64.50997019,44.88801452,49.15951924,0.699217763,1.20867428,0.697982123,1826.978323,49.15951924,0.699217763,1.20867428,0.697982123,1993.845036,53.3835167,0.763080682,1.319068313,0.761732186
112,FINANCE,Standard & Poor's composite price index (500 stocks),116,1,0,2.334598503,1.817631684,9.00215769,Arima,0;1;0;0;12;1;0,176.2935553,1.454698538,1.648739393,1.970737304,0.294351334,0.192138584,1.059560435,10.44373498,10.88059334,8.998974034,Arima(transform),0;1;0;0;12;1;0,256.1786146,1.075406032,1.840626288,2.760831093,0.427732692,0.279203605,1.53968603,132.4008624,1.483001368,0.221065203,0.144300875,0.795756346,176.2935553,1.970737304,0.294351334,0.192138584,1.059560435
113,FINANCE,Property-Casualty Insurance stock price index,116,0,0,3.379660636,5.238253118,5.354442205,ETS,M;N;N;FALSE,1377.547911,11.7727416,15.37633882,15.07806519,1.000002517,0.704860437,1.441808552,12.58004101,13.19903481,13.52598161,ETS,M;N;N;FALSE,1377.547911,11.7727416,15.37633882,15.07806519,1.000002517,0.704860437,1.441808552,1377.547911,15.07806519,1.000002517,0.704860437,1.441808552,1393.572636,15.26891175,1.011635336,0.71305993,1.458580808
114,FINANCE,NASDAQ/NMS industrial price index,92,1,0,20.04886775,12.32367515,10.42379644,Arima(transform),2;2;0;1;12;1;0,280.3387534,4.982600404,3.780427998,4.783255721,0.27365251,0.360677709,0.379233558,17.8882521,17.72023113,17.78596549,Arima,2;2;1;0;12;1;0,480.6210684,6.331322625,6.652165751,8.357325363,0.469157975,0.618356556,0.650169253,1024.432073,18.83029171,0.999998769,1.318011901,1.385819889,280.3387534,4.783255721,0.27365251,0.360677709,0.379233558
115,FINANCE,Exchange Rate - Mexico,65,1,0,3.681597584,3.075808004,4.176208776,Arima,0;1;0;0;12;1;0,162.8652888,2.555206118,3.426464157,3.537887881,0.683185241,0.679312988,1.012586974,7.958129604,5.825671495,7.126631146,Arima,0;1;0;0;12;1;0,162.8652888,2.555206118,3.426464157,3.537887881,0.683185241,0.679312988,1.012586974,238.3930231,5.171403632,1.00000802,0.994340034,1.482167696,162.8652888,3.537887881,0.683185241,0.679312988,1.012586974
116,FINANCE,Interest Rate - Lebanon,65,0,0,14.02824589,14.02838769,14.02838769,ETS,M;N;N;FALSE,690.5582265,7.385176467,10.58021572,9.123463036,1.000003868,1.134128474,1.276124219,9.676989303,11.09017273,11.20525622,ETS,M;N;N;FALSE,690.5582265,7.385176467,10.58021572,9.123463036,1.000003868,1.134128474,1.276124219,690.5582265,9.123463036,1.000003868,1.134128474,1.276124219,748.2798619,9.83857587,1.083591111,1.228926781,1.382791512
117,FINANCE,KUWEIT RESERVES OF MONEY,51,1,0,56.12855281,31.70283063,38.18806366,Arima,0;1;0;1;12;1;0,5919.834614,48.57185962,76.72125696,99.02308951,1.093397189,1.166789193,1.192948499,37.89854982,40.42676502,47.48231732,ETS,M;N;M;FALSE,5018.404073,37.45983827,53.30241001,77.11968526,0.926902399,0.989118788,1.01129474,5018.404073,77.11968526,0.926902399,0.989118788,1.01129474,5919.834614,99.02308951,1.093397189,1.166789193,1.192948499
118,DEMOGRAPHIC,"Employees on payrolls of nonag. estab., goods-producing ind.",117,1,0,3.181710376,1.881455661,2.042165753,Arima,0;1;0;1;12;2;0,144.0201111,0.711034943,1.322559721,2.118191716,11.55241533,1.537307715,10.8976851,1.662046254,1.584710395,1.615891713,Arima,0;1;0;1;12;2;0,144.0201111,0.711034943,1.322559721,2.118191716,11.55241533,1.537307715,10.8976851,159.6726942,2.351070244,12.80797012,1.704387413,12.08208164,146.9557154,2.162176572,11.78789161,1.568643111,11.11981583
119,DEMOGRAPHIC,"Employees on payrolls in mfg. estab., transportation equipment",117,1,0,4.593194829,4.900285279,5.106332562,ETS,M;A;N;TRUE,48.61688478,0.540765467,1.381219121,1.403401605,0.434942309,0.199068227,0.366731654,3.21468142,3.309168495,3.320225558,ETS,M;A;N;TRUE,48.61688478,0.540765467,1.381219121,1.403401605,0.434942309,0.199068227,0.366731654,48.61688478,1.403401605,0.434942309,0.199068227,0.366731654,61.53635647,1.797193866,0.550524064,0.251968703,0.464187081
120,DEMOGRAPHIC,"Employees on payrolls in serv.-prod. estab., governmant",117,1,0,0.323094593,0.319779545,0.563954236,Arima,0;1;0;0;12;1;0,59.00076125,0.286020775,0.465757088,0.622838665,1.019207008,0.418775119,0.980797732,0.952666542,1.071965707,1.169889823,ETS,M;A;N;FALSE,58.60296753,0.289364254,0.465333154,0.618685898,1.012335332,0.415951662,0.974185017,58.60296753,0.618685898,1.012335332,0.415951662,0.974185017,59.00076125,0.622838665,1.019207008,0.418775119,0.980797732
121,DEMOGRAPHIC,"Production workers in mfg. estab., total",117,1,0,4.682040203,1.780048901,1.862426557,Arima,0;2;0;1;12;2;0,144.4886575,1.033361519,1.571915306,2.415155724,6.542882602,1.992946999,6.501639282,2.011629053,1.767977725,1.712640636,Arima(transform),0;1;1;0;12;2;0,107.9430851,0.86666411,1.179108292,1.796445051,4.887988757,1.488870139,4.857177126,89.15074933,1.478908662,4.037015064,1.229665508,4.011567579,144.4886575,2.415155724,6.542882602,1.992946999,6.501639282
122,DEMOGRAPHIC,Retail trade production workers,117,1,0,1.415700008,1.55744097,1.668133578,ETS,M;A;N;FALSE,110.4637185,0.543525263,0.97917828,1.276411172,0.722772422,0.556648077,6.137771443,1.558367114,1.52613873,1.599583932,Arima,0;1;0;0;12;2;0,113.4330225,0.553816616,1.001637027,1.310987742,0.742200801,0.571610975,6.30275692,110.4637185,1.276411172,0.722772422,0.556648077,6.137771443,112.5359239,1.300536817,0.736331018,0.567090322,6.252910816
123,DEMOGRAPHIC,"Avg. weekly earnings: construction, current dollars",117,0,1,0.988228053,0.981468564,1.546861437,Arima,1;1;0;1;12;0;1,74.04549013,1.251676552,1.319236616,1.361083261,0.339338244,0.579108765,0.419597133,1.534097863,1.896288175,1.953720201,ETS,M;A;A;FALSE,84.84680525,1.23967531,1.502892244,1.555616622,0.388838887,0.663585703,0.480805464,84.84680525,1.555616622,0.388838887,0.663585703,0.480805464,74.04549013,1.361083261,0.339338244,0.579108765,0.419597133
124,DEMOGRAPHIC,"Work stoppages (1,000 or more): days idle in month or year",116,0,0,87.1591273,73.56039113,37.51711624,Arima(transform),1;0;0;0;12;0;0,1969.433569,96.45677285,73.09808014,76.20129042,1.032017591,0.763346344,0.981492558,81.93086162,68.94201673,63.24592645,Arima(transform),1;0;0;0;12;0;0,1969.433569,96.45677285,73.09808014,76.20129042,1.032017591,0.763346344,0.981492558,1299.656655,61.21502507,0.681042789,0.503742889,0.647700615,1969.433569,76.20129042,1.032017591,0.763346344,0.981492558
125,DEMOGRAPHIC,"Unemployment insurance, veterans-total benefits paid",116,1,0,69.8537918,68.49471278,68.4756104,Arima(transform),0;4;0;2;12;1;0,99380.30133,47.25392862,80.73021361,NA,62.45968659,34.57374225,52.83063863,27.80171088,30.23451283,30.8090827,ETS,M;N;A;FALSE,1570.885447,16.34905268,14.33840135,18.26502674,0.987288339,0.546500542,0.835083817,1570.885447,18.26502674,0.987288339,0.546500542,0.835083817,99380.30133,NA,62.45968659,34.57374225,52.83063863
126,DEMOGRAPHIC,LABOR FORCE-NONAGRICULTURAL INDUSTRIES,54,1,1,1.987035699,5.465971416,5.934025719,ETS,M;A;M;TRUE,98.89643713,0.125549617,0.598090533,1.135085645,0.480455553,0.245336329,1.013639153,2.207122992,3.296412491,3.443294909,ETS,M;A;M;TRUE,98.89643713,0.125549617,0.598090533,1.135085645,0.480455553,0.245336329,1.013639153,98.89643713,1.135085645,0.480455553,0.245336329,1.013639153,149.1488924,1.722447555,0.724590447,0.369999595,1.528701755
127,DEMOGRAPHIC,LABORE FORCE- INDUSTRY:PRIVATE WAGE AND SALARY WORKERS,54,1,0,46.6286122,50.02958722,46.96093101,ETS,M;A;N;TRUE,840.7536117,1.637645658,7.116682243,11.05050357,1.363384235,0.684776697,0.993163627,36.10746616,33.52831319,34.83330645,Arima,2;0;0;0;12;1;0,736.6787025,1.915094191,6.361322185,9.782586115,1.194614112,0.600009803,0.870222241,840.7536117,11.05050357,1.363384235,0.684776697,0.993163627,736.6787025,9.782586115,1.194614112,0.600009803,0.870222241
128,DEMOGRAPHIC,Unemployment level,120,1,0,9.699406286,6.633915687,6.103800887,Arima(transform),0;0;0;0;12;1;0,231,3.015630048,3.052826634,3.155385238,1,0.318181818,0.728064354,9.753443328,9.008541413,10.20575077,Arima,0;0;0;0;12;1;0,231,3.015630048,3.052826634,3.155385238,1,0.318181818,0.728064354,1431.280283,21.97966338,6.19601854,1.971460444,4.511100237,231,3.155385238,1,0.318181818,0.728064354
129,OTHER,Average temperature in Paris,78,0,1,18.40517478,20.53337375,17.60017749,Arima(transform),0;0;0;2;12;0;1,643.7308009,21.44062127,17.76417457,14.85419106,0.282889512,0.782915839,0.259586996,13.6804798,17.2743604,19.38740091,ETS,A;N;A;FALSE,678.0379638,20.2095033,17.9597671,15.49558772,0.297965902,0.824640767,0.273421496,678.0379638,15.49558772,0.297965902,0.824640767,0.273421496,652.5174992,14.83981466,0.286750854,0.793602364,0.263130267
130,OTHER,Average temperature in Paris,78,0,1,11.07628522,12.52537972,14.10814537,ETS,A;N;A;FALSE,480.4319476,8.041809213,8.512440113,8.394256868,0.191491919,0.667266594,0.156123374,10.4528754,15.08134776,23.53819492,ETS,A;N;A;FALSE,480.4319476,8.041809213,8.512440113,8.394256868,0.191491919,0.667266594,0.156123374,480.4319476,8.394256868,0.191491919,0.667266594,0.156123374,487.8191935,8.321913399,0.194436348,0.677526658,0.158523967
