TimeUTC,ActualTotalLoad
 01.01.2022 01:00,4416
 01.01.2022 02:00,4157
 01.01.2022 03:00,3984
 01.01.2022 04:00,3945
 01.01.2022 05:00,4022
 01.01.2022 06:00,4164
 01.01.2022 07:00,4336
 01.01.2022 08:00,4755
 01.01.2022 09:00,5224
 01.01.2022 10:00,5537
 01.01.2022 11:00,5621
 01.01.2022 12:00,5378
 01.01.2022 13:00,4862
 01.01.2022 14:00,4793
 01.01.2022 15:00,4785
 01.01.2022 16:00,5069
 01.01.2022 17:00,5555
 01.01.2022 18:00,5651
 01.01.2022 19:00,5635
 01.01.2022 20:00,5495
 01.01.2022 21:00,5184
 01.01.2022 22:00,4926
 01.01.2022 23:00,4527
 02.01.2022 00:00,4134
 02.01.2022 01:00,4036
 02.01.2022 02:00,3851
 02.01.2022 03:00,3742
 02.01.2022 04:00,3762
 02.01.2022 05:00,3877
 02.01.2022 06:00,4012
 02.01.2022 07:00,4186
 02.01.2022 08:00,4494
 02.01.2022 09:00,4780
 02.01.2022 10:00,4952
 02.01.2022 11:00,5017
 02.01.2022 12:00,5043
 02.01.2022 13:00,4755
 02.01.2022 14:00,4825
 02.01.2022 15:00,4894
 02.01.2022 16:00,5288
 02.01.2022 17:00,5877
 02.01.2022 18:00,6031
 02.01.2022 19:00,6036
 02.01.2022 20:00,5860
 02.01.2022 21:00,5499
 02.01.2022 22:00,5137
 02.01.2022 23:00,4663
 03.01.2022 00:00,4270
 03.01.2022 01:00,4180
 03.01.2022 02:00,4048
 03.01.2022 03:00,3980
 03.01.2022 04:00,4099
 03.01.2022 05:00,4529
 03.01.2022 06:00,5076
 03.01.2022 07:00,5588
 03.01.2022 08:00,6019
 03.01.2022 09:00,6228
 03.01.2022 10:00,6269
 03.01.2022 11:00,6222
 03.01.2022 12:00,6154
 03.01.2022 13:00,5891
 03.01.2022 14:00,5899
 03.01.2022 15:00,5889
 03.01.2022 16:00,6250
 03.01.2022 17:00,6742
 03.01.2022 18:00,6798
 03.01.2022 19:00,6714
 03.01.2022 20:00,6338
 03.01.2022 21:00,5810
 03.01.2022 22:00,5439
 03.01.2022 23:00,4909
 04.01.2022 00:00,4582
 04.01.2022 01:00,4457
 04.01.2022 02:00,4324
 04.01.2022 03:00,4290
 04.01.2022 04:00,4407
 04.01.2022 05:00,4776
 04.01.2022 06:00,5320
 04.01.2022 07:00,5800
 04.01.2022 08:00,6204
 04.01.2022 09:00,6336
 04.01.2022 10:00,6379
 04.01.2022 11:00,6420
 04.01.2022 12:00,6332
 04.01.2022 13:00,6047
 04.01.2022 14:00,5996
 04.01.2022 15:00,6007
 04.01.2022 16:00,6385
 04.01.2022 17:00,6960
 04.01.2022 18:00,7016
 04.01.2022 19:00,6945
 04.01.2022 20:00,6509
 04.01.2022 21:00,5963
 04.01.2022 22:00,5570
 04.01.2022 23:00,5001
 05.01.2022 00:00,4598
 05.01.2022 01:00,4521
 05.01.2022 02:00,4376
 05.01.2022 03:00,4292
 05.01.2022 04:00,4390
 05.01.2022 05:00,4767
 05.01.2022 06:00,5322
 05.01.2022 07:00,5844
 05.01.2022 08:00,6292
 05.01.2022 09:00,6464
 05.01.2022 10:00,6429
 05.01.2022 11:00,6359
 05.01.2022 12:00,6273
 05.01.2022 13:00,6026
 05.01.2022 14:00,6007
 05.01.2022 15:00,6007
 05.01.2022 16:00,6284
 05.01.2022 17:00,6768
 05.01.2022 18:00,6857
 05.01.2022 19:00,6777
 05.01.2022 20:00,6369
 05.01.2022 21:00,5808
 05.01.2022 22:00,5603
 05.01.2022 23:00,5067
 06.01.2022 00:00,4582
 06.01.2022 01:00,4465
 06.01.2022 02:00,4341
 06.01.2022 03:00,4239
 06.01.2022 04:00,4258
 06.01.2022 05:00,4314
 06.01.2022 06:00,4500
 06.01.2022 07:00,4730
 06.01.2022 08:00,5057
 06.01.2022 09:00,5324
 06.01.2022 10:00,5561
 06.01.2022 11:00,5686
 06.01.2022 12:00,5579
 06.01.2022 13:00,5229
 06.01.2022 14:00,5178
 06.01.2022 15:00,5276
 06.01.2022 16:00,5616
 06.01.2022 17:00,6109
 06.01.2022 18:00,6214
 06.01.2022 19:00,6182
 06.01.2022 20:00,5973
 06.01.2022 21:00,5574
 06.01.2022 22:00,5292
 06.01.2022 23:00,4825
 07.01.2022 00:00,4485
 07.01.2022 01:00,4443
 07.01.2022 02:00,4283
 07.01.2022 03:00,4219
 07.01.2022 04:00,4352
 07.01.2022 05:00,4791
 07.01.2022 06:00,5331
 07.01.2022 07:00,5763
 07.01.2022 08:00,6194
 07.01.2022 09:00,6392
 07.01.2022 10:00,6352
 07.01.2022 11:00,6405
 07.01.2022 12:00,6413
 07.01.2022 13:00,6186
 07.01.2022 14:00,6197
 07.01.2022 15:00,6210
 07.01.2022 16:00,6470
 07.01.2022 17:00,6845
 07.01.2022 18:00,6821
 07.01.2022 19:00,6702
 07.01.2022 20:00,6289
 07.01.2022 21:00,5754
 07.01.2022 22:00,5536
 07.01.2022 23:00,5065
 08.01.2022 00:00,4622
 08.01.2022 01:00,4619
 08.01.2022 02:00,4491
 08.01.2022 03:00,4409
 08.01.2022 04:00,4457
 08.01.2022 05:00,4648
 08.01.2022 06:00,4923
 08.01.2022 07:00,5260
 08.01.2022 08:00,5820
 08.01.2022 09:00,6213
 08.01.2022 10:00,6414
 08.01.2022 11:00,6812
 08.01.2022 12:00,6843
 08.01.2022 13:00,6423
 08.01.2022 14:00,6357
 08.01.2022 15:00,6249
 08.01.2022 16:00,6490
 08.01.2022 17:00,6906
 08.01.2022 18:00,6891
 08.01.2022 19:00,6684
 08.01.2022 20:00,6332
 08.01.2022 21:00,5911
 08.01.2022 22:00,5546
 08.01.2022 23:00,5056
 09.01.2022 00:00,4687
 09.01.2022 01:00,4578
 09.01.2022 02:00,4410
 09.01.2022 03:00,4357
 09.01.2022 04:00,4312
 09.01.2022 05:00,4443
 09.01.2022 06:00,4602
 09.01.2022 07:00,4852
 09.01.2022 08:00,5453
 09.01.2022 09:00,6061
 09.01.2022 10:00,6505
 09.01.2022 11:00,6624
 09.01.2022 12:00,6543
 09.01.2022 13:00,6159
 09.01.2022 14:00,6162
 09.01.2022 15:00,6083
 09.01.2022 16:00,6265
 09.01.2022 17:00,6784
 09.01.2022 18:00,6898
 09.01.2022 19:00,6822
 09.01.2022 20:00,6456
 09.01.2022 21:00,5917
 09.01.2022 22:00,5527
 09.01.2022 23:00,5002
 10.01.2022 00:00,4606
 10.01.2022 01:00,4545
 10.01.2022 02:00,4446
 10.01.2022 03:00,4396
 10.01.2022 04:00,4519
 10.01.2022 05:00,5069
 10.01.2022 06:00,5868
 10.01.2022 07:00,6414
 10.01.2022 08:00,7009
 10.01.2022 09:00,7300
 10.01.2022 10:00,7433
 10.01.2022 11:00,7553
 10.01.2022 12:00,7491
 10.01.2022 13:00,7202
 10.01.2022 14:00,7187
 10.01.2022 15:00,7097
 10.01.2022 16:00,7152
 10.01.2022 17:00,7475
 10.01.2022 18:00,7524
 10.01.2022 19:00,7400
 10.01.2022 20:00,6932
 10.01.2022 21:00,6333
 10.01.2022 22:00,5976
 10.01.2022 23:00,5307
 11.01.2022 00:00,4918
 11.01.2022 01:00,4875
 11.01.2022 02:00,4749
 11.01.2022 03:00,4722
 11.01.2022 04:00,4851
 11.01.2022 05:00,5306
 11.01.2022 06:00,6150
 11.01.2022 07:00,6770
 11.01.2022 08:00,7304
 11.01.2022 09:00,7611
 11.01.2022 10:00,7801
 11.01.2022 11:00,7794
 11.01.2022 12:00,7671
 11.01.2022 13:00,7424
 11.01.2022 14:00,7479
 11.01.2022 15:00,7391
 11.01.2022 16:00,7493
 11.01.2022 17:00,7817
 11.01.2022 18:00,7897
 11.01.2022 19:00,7825
 11.01.2022 20:00,7269
 11.01.2022 21:00,6606
 11.01.2022 22:00,6250
 11.01.2022 23:00,5619
 12.01.2022 00:00,5145
 12.01.2022 01:00,5000
 12.01.2022 02:00,4856
 12.01.2022 03:00,4760
 12.01.2022 04:00,4877
 12.01.2022 05:00,5430
 12.01.2022 06:00,6245
 12.01.2022 07:00,6956
 12.01.2022 08:00,7624
 12.01.2022 09:00,8000
 12.01.2022 10:00,8070
 12.01.2022 11:00,8066
 12.01.2022 12:00,7993
 12.01.2022 13:00,7750
 12.01.2022 14:00,7734
 12.01.2022 15:00,7692
 12.01.2022 16:00,7820
 12.01.2022 17:00,8236
 12.01.2022 18:00,8282
 12.01.2022 19:00,8152
 12.01.2022 20:00,7596
 12.01.2022 21:00,6910
 12.01.2022 22:00,6481
 12.01.2022 23:00,5808
 13.01.2022 00:00,5310
 13.01.2022 01:00,5216
 13.01.2022 02:00,5075
 13.01.2022 03:00,5030
 13.01.2022 04:00,5201
 13.01.2022 05:00,5778
 13.01.2022 06:00,6674
 13.01.2022 07:00,7329
 13.01.2022 08:00,7981
 13.01.2022 09:00,8295
 13.01.2022 10:00,8381
 13.01.2022 11:00,8288
 13.01.2022 12:00,8143
 13.01.2022 13:00,7834
 13.01.2022 14:00,7851
 13.01.2022 15:00,7794
 13.01.2022 16:00,7986
 13.01.2022 17:00,8507
 13.01.2022 18:00,8559
 13.01.2022 19:00,8391
 13.01.2022 20:00,7786
 13.01.2022 21:00,7078
 13.01.2022 22:00,6632
 13.01.2022 23:00,5873
 14.01.2022 00:00,5373
 14.01.2022 01:00,5322
 14.01.2022 02:00,5196
 14.01.2022 03:00,5138
 14.01.2022 04:00,5265
 14.01.2022 05:00,5789
 14.01.2022 06:00,6700
 14.01.2022 07:00,7388
 14.01.2022 08:00,7930
 14.01.2022 09:00,8076
 14.01.2022 10:00,7999
 14.01.2022 11:00,7833
 14.01.2022 12:00,7674
 14.01.2022 13:00,7369
 14.01.2022 14:00,7394
 14.01.2022 15:00,7400
 14.01.2022 16:00,7700
 14.01.2022 17:00,8302
 14.01.2022 18:00,8317
 14.01.2022 19:00,8158
 14.01.2022 20:00,7549
 14.01.2022 21:00,6921
 14.01.2022 22:00,6542
 14.01.2022 23:00,5949
 15.01.2022 00:00,5441
 15.01.2022 01:00,5344
 15.01.2022 02:00,5171
 15.01.2022 03:00,5024
 15.01.2022 04:00,5026
 15.01.2022 05:00,5366
 15.01.2022 06:00,5758
 15.01.2022 07:00,6186
 15.01.2022 08:00,6635
 15.01.2022 09:00,6852
 15.01.2022 10:00,6872
 15.01.2022 11:00,6903
 15.01.2022 12:00,6912
 15.01.2022 13:00,6749
 15.01.2022 14:00,6890
 15.01.2022 15:00,6895
 15.01.2022 16:00,7077
 15.01.2022 17:00,7652
 15.01.2022 18:00,7716
 15.01.2022 19:00,7485
 15.01.2022 20:00,7058
 15.01.2022 21:00,6531
 15.01.2022 22:00,6169
 15.01.2022 23:00,5587
 16.01.2022 00:00,5131
 16.01.2022 01:00,5000
 16.01.2022 02:00,4811
 16.01.2022 03:00,4673
 16.01.2022 04:00,4646
 16.01.2022 05:00,4806
 16.01.2022 06:00,4999
 16.01.2022 07:00,5363
 16.01.2022 08:00,5929
 16.01.2022 09:00,6492
 16.01.2022 10:00,6875
 16.01.2022 11:00,6996
 16.01.2022 12:00,6878
 16.01.2022 13:00,6489
 16.01.2022 14:00,6557
 16.01.2022 15:00,6580
 16.01.2022 16:00,6831
 16.01.2022 17:00,7473
 16.01.2022 18:00,7591
 16.01.2022 19:00,7470
 16.01.2022 20:00,7140
 16.01.2022 21:00,6618
 16.01.2022 22:00,6155
 16.01.2022 23:00,5538
 17.01.2022 00:00,5041
 17.01.2022 01:00,4955
 17.01.2022 02:00,4798
 17.01.2022 03:00,4720
 17.01.2022 04:00,4857
 17.01.2022 05:00,5413
 17.01.2022 06:00,6367
 17.01.2022 07:00,6914
 17.01.2022 08:00,7434
 17.01.2022 09:00,7601
 17.01.2022 10:00,7517
 17.01.2022 11:00,7489
 17.01.2022 12:00,7350
 17.01.2022 13:00,7094
 17.01.2022 14:00,7137
 17.01.2022 15:00,7138
 17.01.2022 16:00,7385
 17.01.2022 17:00,7950
 17.01.2022 18:00,8021
 17.01.2022 19:00,7894
 17.01.2022 20:00,7372
 17.01.2022 21:00,6653
 17.01.2022 22:00,6245
 17.01.2022 23:00,5486
 18.01.2022 00:00,5018
 18.01.2022 01:00,4982
 18.01.2022 02:00,4848
 18.01.2022 03:00,4752
 18.01.2022 04:00,4893
 18.01.2022 05:00,5412
 18.01.2022 06:00,6304
 18.01.2022 07:00,6807
 18.01.2022 08:00,7242
 18.01.2022 09:00,7394
 18.01.2022 10:00,7400
 18.01.2022 11:00,7312
 18.01.2022 12:00,7231
 18.01.2022 13:00,6924
 18.01.2022 14:00,6959
 18.01.2022 15:00,6985
 18.01.2022 16:00,7301
 18.01.2022 17:00,7974
 18.01.2022 18:00,8094
 18.01.2022 19:00,7976
 18.01.2022 20:00,7418
 18.01.2022 21:00,6741
 18.01.2022 22:00,6408
 18.01.2022 23:00,5650
 19.01.2022 00:00,5150
 19.01.2022 01:00,5085
 19.01.2022 02:00,5009
 19.01.2022 03:00,4946
 19.01.2022 04:00,5118
 19.01.2022 05:00,5678
 19.01.2022 06:00,6574
 19.01.2022 07:00,7205
 19.01.2022 08:00,7741
 19.01.2022 09:00,7898
 19.01.2022 10:00,7871
 19.01.2022 11:00,7765
 19.01.2022 12:00,7692
 19.01.2022 13:00,7466
 19.01.2022 14:00,7477
 19.01.2022 15:00,7464
 19.01.2022 16:00,7689
 19.01.2022 17:00,8286
 19.01.2022 18:00,8389
 19.01.2022 19:00,8276
 19.01.2022 20:00,7716
 19.01.2022 21:00,7031
 19.01.2022 22:00,6580
 19.01.2022 23:00,5877
 20.01.2022 00:00,5342
 20.01.2022 01:00,5295
 20.01.2022 02:00,5172
 20.01.2022 03:00,5114
 20.01.2022 04:00,5240
 20.01.2022 05:00,5812
 20.01.2022 06:00,6697
 20.01.2022 07:00,7284
 20.01.2022 08:00,7721
 20.01.2022 09:00,7830
 20.01.2022 10:00,7694
 20.01.2022 11:00,7573
 20.01.2022 12:00,7415
 20.01.2022 13:00,7065
 20.01.2022 14:00,7078
 20.01.2022 15:00,7124
 20.01.2022 16:00,7381
 20.01.2022 17:00,8017
 20.01.2022 18:00,8129
 20.01.2022 19:00,8012
 20.01.2022 20:00,7454
 20.01.2022 21:00,6779
 20.01.2022 22:00,6315
 20.01.2022 23:00,5653
 21.01.2022 00:00,5186
 21.01.2022 01:00,5101
 21.01.2022 02:00,4991
 21.01.2022 03:00,4902
 21.01.2022 04:00,4998
 21.01.2022 05:00,5515
 21.01.2022 06:00,6403
 21.01.2022 07:00,6990
 21.01.2022 08:00,7481
 21.01.2022 09:00,7634
 21.01.2022 10:00,7474
 21.01.2022 11:00,7417
 21.01.2022 12:00,7308
 21.01.2022 13:00,7102
 21.01.2022 14:00,7229
 21.01.2022 15:00,7254
 21.01.2022 16:00,7373
 21.01.2022 17:00,7807
 21.01.2022 18:00,7878
 21.01.2022 19:00,7735
 21.01.2022 20:00,7189
 21.01.2022 21:00,6627
 21.01.2022 22:00,6307
 21.01.2022 23:00,5685
 22.01.2022 00:00,5275
 22.01.2022 01:00,5218
 22.01.2022 02:00,5042
 22.01.2022 03:00,4941
 22.01.2022 04:00,4967
 22.01.2022 05:00,5250
 22.01.2022 06:00,5642
 22.01.2022 07:00,6218
 22.01.2022 08:00,6947
 22.01.2022 09:00,7432
 22.01.2022 10:00,7630
 22.01.2022 11:00,7811
 22.01.2022 12:00,7781
 22.01.2022 13:00,7464
 22.01.2022 14:00,7428
 22.01.2022 15:00,7319
 22.01.2022 16:00,7403
 22.01.2022 17:00,7904
 22.01.2022 18:00,7980
 22.01.2022 19:00,7774
 22.01.2022 20:00,7379
 22.01.2022 21:00,6855
 22.01.2022 22:00,6431
 22.01.2022 23:00,5869
 23.01.2022 00:00,5354
 23.01.2022 01:00,5230
 23.01.2022 02:00,5038
 23.01.2022 03:00,4901
 23.01.2022 04:00,4912
 23.01.2022 05:00,5089
 23.01.2022 06:00,5371
 23.01.2022 07:00,5766
 23.01.2022 08:00,6454
 23.01.2022 09:00,6967
 23.01.2022 10:00,7283
 23.01.2022 11:00,7337
 23.01.2022 12:00,7173
 23.01.2022 13:00,6674
 23.01.2022 14:00,6703
 23.01.2022 15:00,6731
 23.01.2022 16:00,6954
 23.01.2022 17:00,7721
 23.01.2022 18:00,7937
 23.01.2022 19:00,7863
 23.01.2022 20:00,7534
 23.01.2022 21:00,7002
 23.01.2022 22:00,6576
 23.01.2022 23:00,5850
 24.01.2022 00:00,5354
 24.01.2022 01:00,5260
 24.01.2022 02:00,5122
 24.01.2022 03:00,5025
 24.01.2022 04:00,5196
 24.01.2022 05:00,5786
 24.01.2022 06:00,6663
 24.01.2022 07:00,7585
 24.01.2022 08:00,8326
 24.01.2022 09:00,8698
 24.01.2022 10:00,8749
 24.01.2022 11:00,8770
 24.01.2022 12:00,8672
 24.01.2022 13:00,8272
 24.01.2022 14:00,8228
 24.01.2022 15:00,8098
 24.01.2022 16:00,7994
 24.01.2022 17:00,8350
 24.01.2022 18:00,8324
 24.01.2022 19:00,8100
 24.01.2022 20:00,7529
 24.01.2022 21:00,6872
 24.01.2022 22:00,6596
 24.01.2022 23:00,5911
 25.01.2022 00:00,5447
 25.01.2022 01:00,5351
 25.01.2022 02:00,5279
 25.01.2022 03:00,5177
 25.01.2022 04:00,5258
 25.01.2022 05:00,5589
 25.01.2022 06:00,6158
 25.01.2022 07:00,6860
 25.01.2022 08:00,7574
 25.01.2022 09:00,7973
 25.01.2022 10:00,8136
 25.01.2022 11:00,8183
 25.01.2022 12:00,8159
 25.01.2022 13:00,7780
 25.01.2022 14:00,7713
 25.01.2022 15:00,7582
 25.01.2022 16:00,7692
 25.01.2022 17:00,8375
 25.01.2022 18:00,8499
 25.01.2022 19:00,8385
 25.01.2022 20:00,7810
 25.01.2022 21:00,7135
 25.01.2022 22:00,6824
 25.01.2022 23:00,6165
 26.01.2022 00:00,5686
 26.01.2022 01:00,5581
 26.01.2022 02:00,5449
 26.01.2022 03:00,5361
 26.01.2022 04:00,5439
 26.01.2022 05:00,5779
 26.01.2022 06:00,6390
 26.01.2022 07:00,6941
 26.01.2022 08:00,7701
 26.01.2022 09:00,8007
 26.01.2022 10:00,8031
 26.01.2022 11:00,8041
 26.01.2022 12:00,8012
 26.01.2022 13:00,7637
 26.01.2022 14:00,7679
 26.01.2022 15:00,7677
 26.01.2022 16:00,7823
 26.01.2022 17:00,8482
 26.01.2022 18:00,8593
 26.01.2022 19:00,8479
 26.01.2022 20:00,7975
 26.01.2022 21:00,7331
 26.01.2022 22:00,6899
 26.01.2022 23:00,6210
 27.01.2022 00:00,5679
 27.01.2022 01:00,5617
 27.01.2022 02:00,5468
 27.01.2022 03:00,5347
 27.01.2022 04:00,5505
 27.01.2022 05:00,5923
 27.01.2022 06:00,6783
 27.01.2022 07:00,7575
 27.01.2022 08:00,8189
 27.01.2022 09:00,8475
 27.01.2022 10:00,8484
 27.01.2022 11:00,8379
 27.01.2022 12:00,8242
 27.01.2022 13:00,7916
 27.01.2022 14:00,7918
 27.01.2022 15:00,7902
 27.01.2022 16:00,8090
 27.01.2022 17:00,8612
 27.01.2022 18:00,8691
 27.01.2022 19:00,8511
 27.01.2022 20:00,7922
 27.01.2022 21:00,7257
 27.01.2022 22:00,6814
 27.01.2022 23:00,6099
 28.01.2022 00:00,5616
 28.01.2022 01:00,5565
 28.01.2022 02:00,5446
 28.01.2022 03:00,5370
 28.01.2022 04:00,5519
 28.01.2022 05:00,6016
 28.01.2022 06:00,6864
 28.01.2022 07:00,7628
 28.01.2022 08:00,8095
 28.01.2022 09:00,8157
 28.01.2022 10:00,8025
 28.01.2022 11:00,7878
 28.01.2022 12:00,7728
 28.01.2022 13:00,7408
 28.01.2022 14:00,7415
 28.01.2022 15:00,7422
 28.01.2022 16:00,7642
 28.01.2022 17:00,8336
 28.01.2022 18:00,8456
 28.01.2022 19:00,8282
 28.01.2022 20:00,7692
 28.01.2022 21:00,7080
 28.01.2022 22:00,6707
 28.01.2022 23:00,6098
 29.01.2022 00:00,5658
 29.01.2022 01:00,5514
 29.01.2022 02:00,5322
 29.01.2022 03:00,5173
 29.01.2022 04:00,5179
 29.01.2022 05:00,5458
 29.01.2022 06:00,5818
 29.01.2022 07:00,6406
 29.01.2022 08:00,7155
 29.01.2022 09:00,7716
 29.01.2022 10:00,7951
 29.01.2022 11:00,8202
 29.01.2022 12:00,8274
 29.01.2022 13:00,7919
 29.01.2022 14:00,7893
 29.01.2022 15:00,7806
 29.01.2022 16:00,7707
 29.01.2022 17:00,8174
 29.01.2022 18:00,8149
 29.01.2022 19:00,7821
 29.01.2022 20:00,7365
 29.01.2022 21:00,6842
 29.01.2022 22:00,6460
 29.01.2022 23:00,5910
 30.01.2022 00:00,5412
 30.01.2022 01:00,5275
 30.01.2022 02:00,5067
 30.01.2022 03:00,4958
 30.01.2022 04:00,4955
 30.01.2022 05:00,5109
 30.01.2022 06:00,5341
 30.01.2022 07:00,5716
 30.01.2022 08:00,6249
 30.01.2022 09:00,6675
 30.01.2022 10:00,6914
 30.01.2022 11:00,6920
 30.01.2022 12:00,6623
 30.01.2022 13:00,6250
 30.01.2022 14:00,6273
 30.01.2022 15:00,6250
 30.01.2022 16:00,6490
 30.01.2022 17:00,7279
 30.01.2022 18:00,7544
 30.01.2022 19:00,7464
 30.01.2022 20:00,7124
 30.01.2022 21:00,6635
 30.01.2022 22:00,6189
 30.01.2022 23:00,5549
 31.01.2022 00:00,5065
 31.01.2022 01:00,5017
 31.01.2022 02:00,4892
 31.01.2022 03:00,4794
 31.01.2022 04:00,4929
 31.01.2022 05:00,5518
 31.01.2022 06:00,6405
 31.01.2022 07:00,7011
 31.01.2022 08:00,7486
 31.01.2022 09:00,7575
 31.01.2022 10:00,7358
 31.01.2022 11:00,7259
 31.01.2022 12:00,7176
 31.01.2022 13:00,6939
 31.01.2022 14:00,6956
 31.01.2022 15:00,6964
 31.01.2022 16:00,7148
 31.01.2022 17:00,7855
 31.01.2022 18:00,8011
 31.01.2022 19:00,7928
 31.01.2022 20:00,7385
 31.01.2022 21:00,6674
 31.01.2022 22:00,6207
 31.01.2022 23:00,5576
 01.02.2022 00:00,5129
 01.02.2022 01:00,5051
 01.02.2022 02:00,4938
 01.02.2022 03:00,4815
 01.02.2022 04:00,4965
 01.02.2022 05:00,5455
 01.02.2022 06:00,6283
 01.02.2022 07:00,6885
 01.02.2022 08:00,7428
 01.02.2022 09:00,7674
 01.02.2022 10:00,7705
 01.02.2022 11:00,7731
 01.02.2022 12:00,7724
 01.02.2022 13:00,7444
 01.02.2022 14:00,7481
 01.02.2022 15:00,7419
 01.02.2022 16:00,7386
 01.02.2022 17:00,7843
 01.02.2022 18:00,7990
 01.02.2022 19:00,7861
 01.02.2022 20:00,7345
 01.02.2022 21:00,6707
 01.02.2022 22:00,6303
 01.02.2022 23:00,5651
 02.02.2022 00:00,5228
 02.02.2022 01:00,5152
 02.02.2022 02:00,5021
 02.02.2022 03:00,4937
 02.02.2022 04:00,5126
 02.02.2022 05:00,5577
 02.02.2022 06:00,6421
 02.02.2022 07:00,7087
 02.02.2022 08:00,7683
 02.02.2022 09:00,8001
 02.02.2022 10:00,8074
 02.02.2022 11:00,8026
 02.02.2022 12:00,7879
 02.02.2022 13:00,7654
 02.02.2022 14:00,7584
 02.02.2022 15:00,7514
 02.02.2022 16:00,7500
 02.02.2022 17:00,7918
 02.02.2022 18:00,8050
 02.02.2022 19:00,7928
 02.02.2022 20:00,7392
 02.02.2022 21:00,6707
 02.02.2022 22:00,6312
 02.02.2022 23:00,5636
 03.02.2022 00:00,5169
 03.02.2022 01:00,5234
 03.02.2022 02:00,5099
 03.02.2022 03:00,5018
 03.02.2022 04:00,5140
 03.02.2022 05:00,5614
 03.02.2022 06:00,6463
 03.02.2022 07:00,7070
 03.02.2022 08:00,7620
 03.02.2022 09:00,7798
 03.02.2022 10:00,7871
 03.02.2022 11:00,7818
 03.02.2022 12:00,7686
 03.02.2022 13:00,7413
 03.02.2022 14:00,7393
 03.02.2022 15:00,7390
 03.02.2022 16:00,7468
 03.02.2022 17:00,8010
 03.02.2022 18:00,8146
 03.02.2022 19:00,8052
 03.02.2022 20:00,7468
 03.02.2022 21:00,6808
 03.02.2022 22:00,6375
 03.02.2022 23:00,5739
 04.02.2022 00:00,5301
 04.02.2022 01:00,5259
 04.02.2022 02:00,5105
 04.02.2022 03:00,5119
 04.02.2022 04:00,5160
 04.02.2022 05:00,5724
 04.02.2022 06:00,6561
 04.02.2022 07:00,7189
 04.02.2022 08:00,7566
 04.02.2022 09:00,7621
 04.02.2022 10:00,7470
 04.02.2022 11:00,7278
 04.02.2022 12:00,7110
 04.02.2022 13:00,6905
 04.02.2022 14:00,6927
 04.02.2022 15:00,6867
 04.02.2022 16:00,7039
 04.02.2022 17:00,7810
 04.02.2022 18:00,8020
 04.02.2022 19:00,7893
 04.02.2022 20:00,7399
 04.02.2022 21:00,6806
 04.02.2022 22:00,6487
 04.02.2022 23:00,5906
 05.02.2022 00:00,5422
 05.02.2022 01:00,5302
 05.02.2022 02:00,5218
 05.02.2022 03:00,5145
 05.02.2022 04:00,5174
 05.02.2022 05:00,5431
 05.02.2022 06:00,5689
 05.02.2022 07:00,6149
 05.02.2022 08:00,6612
 05.02.2022 09:00,6770
 05.02.2022 10:00,6792
 05.02.2022 11:00,6802
 05.02.2022 12:00,6697
 05.02.2022 13:00,6381
 05.02.2022 14:00,6358
 05.02.2022 15:00,6372
 05.02.2022 16:00,6544
 05.02.2022 17:00,7245
 05.02.2022 18:00,7516
 05.02.2022 19:00,7361
 05.02.2022 20:00,6954
 05.02.2022 21:00,6437
 05.02.2022 22:00,6114
 05.02.2022 23:00,5557
 06.02.2022 00:00,5076
 06.02.2022 01:00,4968
 06.02.2022 02:00,4730
 06.02.2022 03:00,4597
 06.02.2022 04:00,4542
 06.02.2022 05:00,4725
 06.02.2022 06:00,4887
 06.02.2022 07:00,5191
 06.02.2022 08:00,5581
 06.02.2022 09:00,5806
 06.02.2022 10:00,5878
 06.02.2022 11:00,5854
 06.02.2022 12:00,5743
 06.02.2022 13:00,5386
 06.02.2022 14:00,5403
 06.02.2022 15:00,5425
 06.02.2022 16:00,5662
 06.02.2022 17:00,6501
 06.02.2022 18:00,6808
 06.02.2022 19:00,6794
 06.02.2022 20:00,6499
 06.02.2022 21:00,6070
 06.02.2022 22:00,5633
 06.02.2022 23:00,5121
 07.02.2022 00:00,4677
 07.02.2022 01:00,4546
 07.02.2022 02:00,4418
 07.02.2022 03:00,4361
 07.02.2022 04:00,4510
 07.02.2022 05:00,5043
 07.02.2022 06:00,5843
 07.02.2022 07:00,6453
 07.02.2022 08:00,6894
 07.02.2022 09:00,7048
 07.02.2022 10:00,6946
 07.02.2022 11:00,6913
 07.02.2022 12:00,6814
 07.02.2022 13:00,6597
 07.02.2022 14:00,6632
 07.02.2022 15:00,6541
 07.02.2022 16:00,6503
 07.02.2022 17:00,7085
 07.02.2022 18:00,7353
 07.02.2022 19:00,7237
 07.02.2022 20:00,6780
 07.02.2022 21:00,6173
 07.02.2022 22:00,5827
 07.02.2022 23:00,5220
 08.02.2022 00:00,4785
 08.02.2022 01:00,4783
 08.02.2022 02:00,4739
 08.02.2022 03:00,4669
 08.02.2022 04:00,4776
 08.02.2022 05:00,5324
 08.02.2022 06:00,6111
 08.02.2022 07:00,6812
 08.02.2022 08:00,7437
 08.02.2022 09:00,7774
 08.02.2022 10:00,7864
 08.02.2022 11:00,7970
 08.02.2022 12:00,7968
 08.02.2022 13:00,7648
 08.02.2022 14:00,7634
 08.02.2022 15:00,7472
 08.02.2022 16:00,7451
 08.02.2022 17:00,7984
 08.02.2022 18:00,8165
 08.02.2022 19:00,8026
 08.02.2022 20:00,7405
 08.02.2022 21:00,6690
 08.02.2022 22:00,6253
 08.02.2022 23:00,5579
 09.02.2022 00:00,5086
 09.02.2022 01:00,5052
 09.02.2022 02:00,4908
 09.02.2022 03:00,4867
 09.02.2022 04:00,5000
 09.02.2022 05:00,5573
 09.02.2022 06:00,6402
 09.02.2022 07:00,6971
 09.02.2022 08:00,7360
 09.02.2022 09:00,7532
 09.02.2022 10:00,7466
 09.02.2022 11:00,7254
 09.02.2022 12:00,7104
 09.02.2022 13:00,6843
 09.02.2022 14:00,6849
 09.02.2022 15:00,6718
 09.02.2022 16:00,6767
 09.02.2022 17:00,7469
 09.02.2022 18:00,7771
 09.02.2022 19:00,7684
 09.02.2022 20:00,7175
 09.02.2022 21:00,6548
 09.02.2022 22:00,6241
 09.02.2022 23:00,5565
 10.02.2022 00:00,5078
 10.02.2022 01:00,5001
 10.02.2022 02:00,4892
 10.02.2022 03:00,4806
 10.02.2022 04:00,4908
 10.02.2022 05:00,5455
 10.02.2022 06:00,6256
 10.02.2022 07:00,6781
 10.02.2022 08:00,7170
 10.02.2022 09:00,7335
 10.02.2022 10:00,7312
 10.02.2022 11:00,7252
 10.02.2022 12:00,7084
 10.02.2022 13:00,6739
 10.02.2022 14:00,6689
 10.02.2022 15:00,6585
 10.02.2022 16:00,6617
 10.02.2022 17:00,7381
 10.02.2022 18:00,7727
 10.02.2022 19:00,7654
 10.02.2022 20:00,7168
 10.02.2022 21:00,6605
 10.02.2022 22:00,6216
 10.02.2022 23:00,5597
 11.02.2022 00:00,5152
 11.02.2022 01:00,5066
 11.02.2022 02:00,4964
 11.02.2022 03:00,4897
 11.02.2022 04:00,5027
 11.02.2022 05:00,5555
 11.02.2022 06:00,6322
 11.02.2022 07:00,6798
 11.02.2022 08:00,7038
 11.02.2022 09:00,7087
 11.02.2022 10:00,6929
 11.02.2022 11:00,6782
 11.02.2022 12:00,6614
 11.02.2022 13:00,6358
 11.02.2022 14:00,6361
 11.02.2022 15:00,6239
 11.02.2022 16:00,6365
 11.02.2022 17:00,7150
 11.02.2022 18:00,7483
 11.02.2022 19:00,7400
 11.02.2022 20:00,6951
 11.02.2022 21:00,6411
 11.02.2022 22:00,6121
 11.02.2022 23:00,5538
 12.02.2022 00:00,5097
 12.02.2022 01:00,5041
 12.02.2022 02:00,4888
 12.02.2022 03:00,4790
 12.02.2022 04:00,4783
 12.02.2022 05:00,5028
 12.02.2022 06:00,5326
 12.02.2022 07:00,5811
 12.02.2022 08:00,6212
 12.02.2022 09:00,6345
 12.02.2022 10:00,6367
 12.02.2022 11:00,6443
 12.02.2022 12:00,6453
 12.02.2022 13:00,6232
 12.02.2022 14:00,6285
 12.02.2022 15:00,6256
 12.02.2022 16:00,6386
 12.02.2022 17:00,7026
 12.02.2022 18:00,7257
 12.02.2022 19:00,7065
 12.02.2022 20:00,6565
 12.02.2022 21:00,6141
 12.02.2022 22:00,5819
 12.02.2022 23:00,5403
 13.02.2022 00:00,4898
 13.02.2022 01:00,4798
 13.02.2022 02:00,4634
 13.02.2022 03:00,4507
 13.02.2022 04:00,4486
 13.02.2022 05:00,4600
 13.02.2022 06:00,4759
 13.02.2022 07:00,5064
 13.02.2022 08:00,5621
 13.02.2022 09:00,6170
 13.02.2022 10:00,6536
 13.02.2022 11:00,6712
 13.02.2022 12:00,6593
 13.02.2022 13:00,6120
 13.02.2022 14:00,6127
 13.02.2022 15:00,6098
 13.02.2022 16:00,6014
 13.02.2022 17:00,6661
 13.02.2022 18:00,6901
 13.02.2022 19:00,6938
 13.02.2022 20:00,6651
 13.02.2022 21:00,6143
 13.02.2022 22:00,5723
 13.02.2022 23:00,5122
 14.02.2022 00:00,4684
 14.02.2022 01:00,4627
 14.02.2022 02:00,4549
 14.02.2022 03:00,4508
 14.02.2022 04:00,4678
 14.02.2022 05:00,5216
 14.02.2022 06:00,5989
 14.02.2022 07:00,6611
 14.02.2022 08:00,7069
 14.02.2022 09:00,7228
 14.02.2022 10:00,7261
 14.02.2022 11:00,7238
 14.02.2022 12:00,7140
 14.02.2022 13:00,6886
 14.02.2022 14:00,6887
 14.02.2022 15:00,6680
 14.02.2022 16:00,6665
 14.02.2022 17:00,7308
 14.02.2022 18:00,7647
 14.02.2022 19:00,7574
 14.02.2022 20:00,7098
 14.02.2022 21:00,6477
 14.02.2022 22:00,6144
 14.02.2022 23:00,5526
 15.02.2022 00:00,5040
 15.02.2022 01:00,4991
 15.02.2022 02:00,4870
 15.02.2022 03:00,4785
 15.02.2022 04:00,4930
 15.02.2022 05:00,5437
 15.02.2022 06:00,6239
 15.02.2022 07:00,6791
 15.02.2022 08:00,7230
 15.02.2022 09:00,7351
 15.02.2022 10:00,7328
 15.02.2022 11:00,7086
 15.02.2022 12:00,6974
 15.02.2022 13:00,6657
 15.02.2022 14:00,6593
 15.02.2022 15:00,6476
 15.02.2022 16:00,6532
 15.02.2022 17:00,7206
 15.02.2022 18:00,7545
 15.02.2022 19:00,7471
 15.02.2022 20:00,7033
 15.02.2022 21:00,6387
 15.02.2022 22:00,6054
 15.02.2022 23:00,5377
 16.02.2022 00:00,4918
 16.02.2022 01:00,4838
 16.02.2022 02:00,4717
 16.02.2022 03:00,4649
 16.02.2022 04:00,4781
 16.02.2022 05:00,5291
 16.02.2022 06:00,5998
 16.02.2022 07:00,6546
 16.02.2022 08:00,6974
 16.02.2022 09:00,7123
 16.02.2022 10:00,7087
 16.02.2022 11:00,6941
 16.02.2022 12:00,6771
 16.02.2022 13:00,6525
 16.02.2022 14:00,6616
 16.02.2022 15:00,6541
 16.02.2022 16:00,6546
 16.02.2022 17:00,7000
 16.02.2022 18:00,7293
 16.02.2022 19:00,7243
 16.02.2022 20:00,6809
 16.02.2022 21:00,6207
 16.02.2022 22:00,5821
 16.02.2022 23:00,5182
 17.02.2022 00:00,4757
 17.02.2022 01:00,4714
 17.02.2022 02:00,4654
 17.02.2022 03:00,4633
 17.02.2022 04:00,4745
 17.02.2022 05:00,5191
 17.02.2022 06:00,5988
 17.02.2022 07:00,6556
 17.02.2022 08:00,6943
 17.02.2022 09:00,7157
 17.02.2022 10:00,7266
 17.02.2022 11:00,7230
 17.02.2022 12:00,7053
 17.02.2022 13:00,6812
 17.02.2022 14:00,6740
 17.02.2022 15:00,6569
 17.02.2022 16:00,6481
 17.02.2022 17:00,7107
 17.02.2022 18:00,7462
 17.02.2022 19:00,7393
 17.02.2022 20:00,6889
 17.02.2022 21:00,6240
 17.02.2022 22:00,5822
 17.02.2022 23:00,5163
 18.02.2022 00:00,4771
 18.02.2022 01:00,4675
 18.02.2022 02:00,4565
 18.02.2022 03:00,4489
 18.02.2022 04:00,4671
 18.02.2022 05:00,5167
 18.02.2022 06:00,5844
 18.02.2022 07:00,6336
 18.02.2022 08:00,6582
 18.02.2022 09:00,6644
 18.02.2022 10:00,6583
 18.02.2022 11:00,6378
 18.02.2022 12:00,6156
 18.02.2022 13:00,5886
 18.02.2022 14:00,5911
 18.02.2022 15:00,5783
 18.02.2022 16:00,5819
 18.02.2022 17:00,6499
 18.02.2022 18:00,6908
 18.02.2022 19:00,6895
 18.02.2022 20:00,6491
 18.02.2022 21:00,5937
 18.02.2022 22:00,5688
 18.02.2022 23:00,5226
 19.02.2022 00:00,4806
 19.02.2022 01:00,4714
 19.02.2022 02:00,4603
 19.02.2022 03:00,4514
 19.02.2022 04:00,4597
 19.02.2022 05:00,4836
 19.02.2022 06:00,5098
 19.02.2022 07:00,5505
 19.02.2022 08:00,5846
 19.02.2022 09:00,5970
 19.02.2022 10:00,5986
 19.02.2022 11:00,5969
 19.02.2022 12:00,5898
 19.02.2022 13:00,5608
 19.02.2022 14:00,5542
 19.02.2022 15:00,5422
 19.02.2022 16:00,5457
 19.02.2022 17:00,6220
 19.02.2022 18:00,6699
 19.02.2022 19:00,6530
 19.02.2022 20:00,6178
 19.02.2022 21:00,5702
 19.02.2022 22:00,5347
 19.02.2022 23:00,4906
 20.02.2022 00:00,4526
 20.02.2022 01:00,4407
 20.02.2022 02:00,4260
 20.02.2022 03:00,4186
 20.02.2022 04:00,4173
 20.02.2022 05:00,4246
 20.02.2022 06:00,4395
 20.02.2022 07:00,4786
 20.02.2022 08:00,5289
 20.02.2022 09:00,5655
 20.02.2022 10:00,5866
 20.02.2022 11:00,5945
 20.02.2022 12:00,5923
 20.02.2022 13:00,5584
 20.02.2022 14:00,5582
 20.02.2022 15:00,5532
 20.02.2022 16:00,5512
 20.02.2022 17:00,6063
 20.02.2022 18:00,6406
 20.02.2022 19:00,6372
 20.02.2022 20:00,6053
 20.02.2022 21:00,5589
 20.02.2022 22:00,5229
 20.02.2022 23:00,4758
 21.02.2022 00:00,4363
 21.02.2022 01:00,4275
 21.02.2022 02:00,4217
 21.02.2022 03:00,4168
 21.02.2022 04:00,4334
 21.02.2022 05:00,4878
 21.02.2022 06:00,5571
 21.02.2022 07:00,6080
 21.02.2022 08:00,6409
 21.02.2022 09:00,6473
 21.02.2022 10:00,6362
 21.02.2022 11:00,6258
 21.02.2022 12:00,6142
 21.02.2022 13:00,5860
 21.02.2022 14:00,5755
 21.02.2022 15:00,5604
 21.02.2022 16:00,5614
 21.02.2022 17:00,6212
 21.02.2022 18:00,6595
 21.02.2022 19:00,6579
 21.02.2022 20:00,6167
 21.02.2022 21:00,5606
 21.02.2022 22:00,5312
 21.02.2022 23:00,4882
 22.02.2022 00:00,4486
 22.02.2022 01:00,4435
 22.02.2022 02:00,4333
 22.02.2022 03:00,4288
 22.02.2022 04:00,4442
 22.02.2022 05:00,4866
 22.02.2022 06:00,5487
 22.02.2022 07:00,5981
 22.02.2022 08:00,6355
 22.02.2022 09:00,6465
 22.02.2022 10:00,6489
 22.02.2022 11:00,6483
 22.02.2022 12:00,6376
 22.02.2022 13:00,6122
 22.02.2022 14:00,6055
 22.02.2022 15:00,5949
 22.02.2022 16:00,6025
 22.02.2022 17:00,6560
 22.02.2022 18:00,6913
 22.02.2022 19:00,6890
 22.02.2022 20:00,6408
 22.02.2022 21:00,5873
 22.02.2022 22:00,5576
 22.02.2022 23:00,4994
 23.02.2022 00:00,4614
 23.02.2022 01:00,4542
 23.02.2022 02:00,4407
 23.02.2022 03:00,4322
 23.02.2022 04:00,4463
 23.02.2022 05:00,4932
 23.02.2022 06:00,5596
 23.02.2022 07:00,6131
 23.02.2022 08:00,6628
 23.02.2022 09:00,6821
 23.02.2022 10:00,6816
 23.02.2022 11:00,6748
 23.02.2022 12:00,6568
 23.02.2022 13:00,6343
 23.02.2022 14:00,6268
 23.02.2022 15:00,6186
 23.02.2022 16:00,6216
 23.02.2022 17:00,6645
 23.02.2022 18:00,6960
 23.02.2022 19:00,6898
 23.02.2022 20:00,6475
 23.02.2022 21:00,5871
 23.02.2022 22:00,5544
 23.02.2022 23:00,5011
 24.02.2022 00:00,4598
 24.02.2022 01:00,4546
 24.02.2022 02:00,4441
 24.02.2022 03:00,4318
 24.02.2022 04:00,4493
 24.02.2022 05:00,4999
 24.02.2022 06:00,5711
 24.02.2022 07:00,6207
 24.02.2022 08:00,6630
 24.02.2022 09:00,6808
 24.02.2022 10:00,6866
 24.02.2022 11:00,6803
 24.02.2022 12:00,6687
 24.02.2022 13:00,6281
 24.02.2022 14:00,6246
 24.02.2022 15:00,6140
 24.02.2022 16:00,6185
 24.02.2022 17:00,6808
 24.02.2022 18:00,7232
 24.02.2022 19:00,7046
 24.02.2022 20:00,6502
 24.02.2022 21:00,5947
 24.02.2022 22:00,5668
 24.02.2022 23:00,5196
 25.02.2022 00:00,4752
 25.02.2022 01:00,4690
 25.02.2022 02:00,4577
 25.02.2022 03:00,4513
 25.02.2022 04:00,4656
 25.02.2022 05:00,5124
 25.02.2022 06:00,5770
 25.02.2022 07:00,6272
 25.02.2022 08:00,6485
 25.02.2022 09:00,6555
 25.02.2022 10:00,6461
 25.02.2022 11:00,6328
 25.02.2022 12:00,6199
 25.02.2022 13:00,5929
 25.02.2022 14:00,5890
 25.02.2022 15:00,5753
 25.02.2022 16:00,5814
 25.02.2022 17:00,6499
 25.02.2022 18:00,6981
 25.02.2022 19:00,6935
 25.02.2022 20:00,6559
 25.02.2022 21:00,6043
 25.02.2022 22:00,5728
 25.02.2022 23:00,5229
 26.02.2022 00:00,4836
 26.02.2022 01:00,4767
 26.02.2022 02:00,4604
 26.02.2022 03:00,4528
 26.02.2022 04:00,4583
 26.02.2022 05:00,4813
 26.02.2022 06:00,5124
 26.02.2022 07:00,5531
 26.02.2022 08:00,5824
 26.02.2022 09:00,5946
 26.02.2022 10:00,6006
 26.02.2022 11:00,6095
 26.02.2022 12:00,6050
 26.02.2022 13:00,5823
 26.02.2022 14:00,5878
 26.02.2022 15:00,5899
 26.02.2022 16:00,6008
 26.02.2022 17:00,6534
 26.02.2022 18:00,6818
 26.02.2022 19:00,6682
 26.02.2022 20:00,6309
 26.02.2022 21:00,5843
 26.02.2022 22:00,5464
 26.02.2022 23:00,5005
 27.02.2022 00:00,4597
 27.02.2022 01:00,4493
 27.02.2022 02:00,4298
 27.02.2022 03:00,4201
 27.02.2022 04:00,4199
 27.02.2022 05:00,4305
 27.02.2022 06:00,4489
 27.02.2022 07:00,4965
 27.02.2022 08:00,5521
 27.02.2022 09:00,6046
 27.02.2022 10:00,6561
 27.02.2022 11:00,6746
 27.02.2022 12:00,6674
 27.02.2022 13:00,6044
 27.02.2022 14:00,5847
 27.02.2022 15:00,5688
 27.02.2022 16:00,5659
 27.02.2022 17:00,6211
 27.02.2022 18:00,6657
 27.02.2022 19:00,6681
 27.02.2022 20:00,6363
 27.02.2022 21:00,5905
 27.02.2022 22:00,5499
 27.02.2022 23:00,4978
 28.02.2022 00:00,4553
 28.02.2022 01:00,4481
 28.02.2022 02:00,4364
 28.02.2022 03:00,4334
 28.02.2022 04:00,4537
 28.02.2022 05:00,5060
 28.02.2022 06:00,5846
 28.02.2022 07:00,6434
 28.02.2022 08:00,6917
 28.02.2022 09:00,7132
 28.02.2022 10:00,7124
 28.02.2022 11:00,7168
 28.02.2022 12:00,7140
 28.02.2022 13:00,7047
 28.02.2022 14:00,7143
 28.02.2022 15:00,7072
 28.02.2022 16:00,6968
 28.02.2022 17:00,7336
 28.02.2022 18:00,7645
 28.02.2022 19:00,7592
 28.02.2022 20:00,7097
 28.02.2022 21:00,6405
 28.02.2022 22:00,6028
 28.02.2022 23:00,5443
 01.03.2022 00:00,5000
 01.03.2022 01:00,4909
 01.03.2022 02:00,4783
 01.03.2022 03:00,4742
 01.03.2022 04:00,4883
 01.03.2022 05:00,5426
 01.03.2022 06:00,6227
 01.03.2022 07:00,6886
 01.03.2022 08:00,7393
 01.03.2022 09:00,7586
 01.03.2022 10:00,7671
 01.03.2022 11:00,7599
 01.03.2022 12:00,7496
 01.03.2022 13:00,7271
 01.03.2022 14:00,7324
 01.03.2022 15:00,7198
 01.03.2022 16:00,7048
 01.03.2022 17:00,7489
 01.03.2022 18:00,7883
 01.03.2022 19:00,7794
 01.03.2022 20:00,7254
 01.03.2022 21:00,6582
 01.03.2022 22:00,6127
 01.03.2022 23:00,5503
 02.03.2022 00:00,5010
 02.03.2022 01:00,4936
 02.03.2022 02:00,4784
 02.03.2022 03:00,4710
 02.03.2022 04:00,4870
 02.03.2022 05:00,5387
 02.03.2022 06:00,6253
 02.03.2022 07:00,6981
 02.03.2022 08:00,7573
 02.03.2022 09:00,7757
 02.03.2022 10:00,7784
 02.03.2022 11:00,7709
 02.03.2022 12:00,7530
 02.03.2022 13:00,7288
 02.03.2022 14:00,7303
 02.03.2022 15:00,7147
 02.03.2022 16:00,6932
 02.03.2022 17:00,7522
 02.03.2022 18:00,8019
 02.03.2022 19:00,7950
 02.03.2022 20:00,7401
 02.03.2022 21:00,6695
 02.03.2022 22:00,6305
 02.03.2022 23:00,5628
 03.03.2022 00:00,5116
 03.03.2022 01:00,5003
 03.03.2022 02:00,4885
 03.03.2022 03:00,4847
 03.03.2022 04:00,4992
 03.03.2022 05:00,5506
 03.03.2022 06:00,6318
 03.03.2022 07:00,6871
 03.03.2022 08:00,7267
 03.03.2022 09:00,7323
 03.03.2022 10:00,7320
 03.03.2022 11:00,7280
 03.03.2022 12:00,7108
 03.03.2022 13:00,6827
 03.03.2022 14:00,6756
 03.03.2022 15:00,6614
 03.03.2022 16:00,6582
 03.03.2022 17:00,7232
 03.03.2022 18:00,7753
 03.03.2022 19:00,7749
 03.03.2022 20:00,7255
 03.03.2022 21:00,6605
 03.03.2022 22:00,6122
 03.03.2022 23:00,5548
 04.03.2022 00:00,5055
 04.03.2022 01:00,4975
 04.03.2022 02:00,4856
 04.03.2022 03:00,4778
 04.03.2022 04:00,4929
 04.03.2022 05:00,5407
 04.03.2022 06:00,6154
 04.03.2022 07:00,6596
 04.03.2022 08:00,7012
 04.03.2022 09:00,7076
 04.03.2022 10:00,6884
 04.03.2022 11:00,6817
 04.03.2022 12:00,6746
 04.03.2022 13:00,6530
 04.03.2022 14:00,6597
 04.03.2022 15:00,6516
 04.03.2022 16:00,6515
 04.03.2022 17:00,6962
 04.03.2022 18:00,7372
 04.03.2022 19:00,7344
 04.03.2022 20:00,6905
 04.03.2022 21:00,6341
 04.03.2022 22:00,6045
 04.03.2022 23:00,5455
 05.03.2022 00:00,5042
 05.03.2022 01:00,4905
 05.03.2022 02:00,4776
 05.03.2022 03:00,4654
 05.03.2022 04:00,4740
 05.03.2022 05:00,4961
 05.03.2022 06:00,5275
 05.03.2022 07:00,5816
 05.03.2022 08:00,6338
 05.03.2022 09:00,6690
 05.03.2022 10:00,6872
 05.03.2022 11:00,6890
 05.03.2022 12:00,6900
 05.03.2022 13:00,6729
 05.03.2022 14:00,6786
 05.03.2022 15:00,6723
 05.03.2022 16:00,6655
 05.03.2022 17:00,7032
 05.03.2022 18:00,7305
 05.03.2022 19:00,7134
 05.03.2022 20:00,6721
 05.03.2022 21:00,6218
 05.03.2022 22:00,5804
 05.03.2022 23:00,5293
 06.03.2022 00:00,4878
 06.03.2022 01:00,4724
 06.03.2022 02:00,4558
 06.03.2022 03:00,4462
 06.03.2022 04:00,4511
 06.03.2022 05:00,4611
 06.03.2022 06:00,4807
 06.03.2022 07:00,5150
 06.03.2022 08:00,5559
 06.03.2022 09:00,5969
 06.03.2022 10:00,6244
 06.03.2022 11:00,6303
 06.03.2022 12:00,6069
 06.03.2022 13:00,5626
 06.03.2022 14:00,5604
 06.03.2022 15:00,5466
 06.03.2022 16:00,5519
 06.03.2022 17:00,6034
 06.03.2022 18:00,6411
 06.03.2022 19:00,6453
 06.03.2022 20:00,6248
 06.03.2022 21:00,5875
 06.03.2022 22:00,5604
 06.03.2022 23:00,5123
 07.03.2022 00:00,4722
 07.03.2022 01:00,4614
 07.03.2022 02:00,4456
 07.03.2022 03:00,4372
 07.03.2022 04:00,4408
 07.03.2022 05:00,4544
 07.03.2022 06:00,4738
 07.03.2022 07:00,5198
 07.03.2022 08:00,5685
 07.03.2022 09:00,5992
 07.03.2022 10:00,5994
 07.03.2022 11:00,5821
 07.03.2022 12:00,5587
 07.03.2022 13:00,5186
 07.03.2022 14:00,5181
 07.03.2022 15:00,5216
 07.03.2022 16:00,5363
 07.03.2022 17:00,5906
 07.03.2022 18:00,6478
 07.03.2022 19:00,6523
 07.03.2022 20:00,6260
 07.03.2022 21:00,5830
 07.03.2022 22:00,5559
 07.03.2022 23:00,5038
 08.03.2022 00:00,4629
 08.03.2022 01:00,4566
 08.03.2022 02:00,4445
 08.03.2022 03:00,4403
 08.03.2022 04:00,4596
 08.03.2022 05:00,5095
 08.03.2022 06:00,5870
 08.03.2022 07:00,6504
 08.03.2022 08:00,7041
 08.03.2022 09:00,7247
 08.03.2022 10:00,7322
 08.03.2022 11:00,7241
 08.03.2022 12:00,7194
 08.03.2022 13:00,6909
 08.03.2022 14:00,6936
 08.03.2022 15:00,6876
 08.03.2022 16:00,6808
 08.03.2022 17:00,7210
 08.03.2022 18:00,7668
 08.03.2022 19:00,7663
 08.03.2022 20:00,7161
 08.03.2022 21:00,6528
 08.03.2022 22:00,6186
 08.03.2022 23:00,5558
 09.03.2022 00:00,5068
 09.03.2022 01:00,4977
 09.03.2022 02:00,4876
 09.03.2022 03:00,4808
 09.03.2022 04:00,5001
 09.03.2022 05:00,5497
 09.03.2022 06:00,6304
 09.03.2022 07:00,6983
 09.03.2022 08:00,7545
 09.03.2022 09:00,7772
 09.03.2022 10:00,7863
 09.03.2022 11:00,7900
 09.03.2022 12:00,7835
 09.03.2022 13:00,7563
 09.03.2022 14:00,7512
 09.03.2022 15:00,7334
 09.03.2022 16:00,7124
 09.03.2022 17:00,7510
 09.03.2022 18:00,7963
 09.03.2022 19:00,7942
 09.03.2022 20:00,7397
 09.03.2022 21:00,6807
 09.03.2022 22:00,6383
 09.03.2022 23:00,5707
 10.03.2022 00:00,5156
 10.03.2022 01:00,5073
 10.03.2022 02:00,4966
 10.03.2022 03:00,4926
 10.03.2022 04:00,5034
 10.03.2022 05:00,5540
 10.03.2022 06:00,6437
 10.03.2022 07:00,7161
 10.03.2022 08:00,7833
 10.03.2022 09:00,8098
 10.03.2022 10:00,8272
 10.03.2022 11:00,8309
 10.03.2022 12:00,8267
 10.03.2022 13:00,7932
 10.03.2022 14:00,7831
 10.03.2022 15:00,7704
 10.03.2022 16:00,7481
 10.03.2022 17:00,7870
 10.03.2022 18:00,8358
 10.03.2022 19:00,8247
 10.03.2022 20:00,7615
 10.03.2022 21:00,6938
 10.03.2022 22:00,6567
 10.03.2022 23:00,5837
 11.03.2022 00:00,5344
 11.03.2022 01:00,5293
 11.03.2022 02:00,5150
 11.03.2022 03:00,5110
 11.03.2022 04:00,5304
 11.03.2022 05:00,5802
 11.03.2022 06:00,6643
 11.03.2022 07:00,7273
 11.03.2022 08:00,7781
 11.03.2022 09:00,7950
 11.03.2022 10:00,7981
 11.03.2022 11:00,7986
 11.03.2022 12:00,7931
 11.03.2022 13:00,7626
 11.03.2022 14:00,7634
 11.03.2022 15:00,7506
 11.03.2022 16:00,7385
 11.03.2022 17:00,7864
 11.03.2022 18:00,8326
 11.03.2022 19:00,8216
 11.03.2022 20:00,7675
 11.03.2022 21:00,7010
 11.03.2022 22:00,6597
 11.03.2022 23:00,5956
 12.03.2022 00:00,5546
 12.03.2022 01:00,5375
 12.03.2022 02:00,5204
 12.03.2022 03:00,5119
 12.03.2022 04:00,5227
 12.03.2022 05:00,5441
 12.03.2022 06:00,5833
 12.03.2022 07:00,6341
 12.03.2022 08:00,6851
 12.03.2022 09:00,7303
 12.03.2022 10:00,7514
 12.03.2022 11:00,7674
 12.03.2022 12:00,7792
 12.03.2022 13:00,7476
 12.03.2022 14:00,7494
 12.03.2022 15:00,7405
 12.03.2022 16:00,7283
 12.03.2022 17:00,7651
 12.03.2022 18:00,8138
 12.03.2022 19:00,8008
 12.03.2022 20:00,7501
 12.03.2022 21:00,6932
 12.03.2022 22:00,6511
 12.03.2022 23:00,5937
 13.03.2022 00:00,5451
 13.03.2022 01:00,5387
 13.03.2022 02:00,5195
 13.03.2022 03:00,5069
 13.03.2022 04:00,5093
 13.03.2022 05:00,5135
 13.03.2022 06:00,5354
 13.03.2022 07:00,5727
 13.03.2022 08:00,6246
 13.03.2022 09:00,6637
 13.03.2022 10:00,6995
 13.03.2022 11:00,7187
 13.03.2022 12:00,7128
 13.03.2022 13:00,6693
 13.03.2022 14:00,6593
 13.03.2022 15:00,6447
 13.03.2022 16:00,6358
 13.03.2022 17:00,6896
 13.03.2022 18:00,7575
 13.03.2022 19:00,7606
 13.03.2022 20:00,7294
 13.03.2022 21:00,6754
 13.03.2022 22:00,6264
 13.03.2022 23:00,5603
 14.03.2022 00:00,5120
 14.03.2022 01:00,5039
 14.03.2022 02:00,4873
 14.03.2022 03:00,4817
 14.03.2022 04:00,4982
 14.03.2022 05:00,5476
 14.03.2022 06:00,6382
 14.03.2022 07:00,7025
 14.03.2022 08:00,7495
 14.03.2022 09:00,7730
 14.03.2022 10:00,7795
 14.03.2022 11:00,7773
 14.03.2022 12:00,7810
 14.03.2022 13:00,7557
 14.03.2022 14:00,7791
 14.03.2022 15:00,7415
 14.03.2022 16:00,7203
 14.03.2022 17:00,7593
 14.03.2022 18:00,8180
 14.03.2022 19:00,8150
 14.03.2022 20:00,7650
 14.03.2022 21:00,6962
 14.03.2022 22:00,6517
 14.03.2022 23:00,5844
 15.03.2022 00:00,5321
 15.03.2022 01:00,5249
 15.03.2022 02:00,5120
 15.03.2022 03:00,5028
 15.03.2022 04:00,5216
 15.03.2022 05:00,5704
 15.03.2022 06:00,6574
 15.03.2022 07:00,7144
 15.03.2022 08:00,7520
 15.03.2022 09:00,7678
 15.03.2022 10:00,7650
 15.03.2022 11:00,7504
 15.03.2022 12:00,7315
 15.03.2022 13:00,6984
 15.03.2022 14:00,6891
 15.03.2022 15:00,6715
 15.03.2022 16:00,6618
 15.03.2022 17:00,7180
 15.03.2022 18:00,7903
 15.03.2022 19:00,7919
 15.03.2022 20:00,7424
 15.03.2022 21:00,6797
 15.03.2022 22:00,6382
 15.03.2022 23:00,5694
 16.03.2022 00:00,5172
 16.03.2022 01:00,5113
 16.03.2022 02:00,4992
 16.03.2022 03:00,4900
 16.03.2022 04:00,5036
 16.03.2022 05:00,5518
 16.03.2022 06:00,6398
 16.03.2022 07:00,7008
 16.03.2022 08:00,7441
 16.03.2022 09:00,7514
 16.03.2022 10:00,7427
 16.03.2022 11:00,7247
 16.03.2022 12:00,7147
 16.03.2022 13:00,6866
 16.03.2022 14:00,6855
 16.03.2022 15:00,6725
 16.03.2022 16:00,6563
 16.03.2022 17:00,6956
 16.03.2022 18:00,7623
 16.03.2022 19:00,7659
 16.03.2022 20:00,7196
 16.03.2022 21:00,6513
 16.03.2022 22:00,6143
 16.03.2022 23:00,5483
 17.03.2022 00:00,5015
 17.03.2022 01:00,4923
 17.03.2022 02:00,4808
 17.03.2022 03:00,4739
 17.03.2022 04:00,4865
 17.03.2022 05:00,5287
 17.03.2022 06:00,6045
 17.03.2022 07:00,6564
 17.03.2022 08:00,6926
 17.03.2022 09:00,7039
 17.03.2022 10:00,6974
 17.03.2022 11:00,6929
 17.03.2022 12:00,6824
 17.03.2022 13:00,6728
 17.03.2022 14:00,6936
 17.03.2022 15:00,6853
 17.03.2022 16:00,6719
 17.03.2022 17:00,7138
 17.03.2022 18:00,7612
 17.03.2022 19:00,7564
 17.03.2022 20:00,7087
 17.03.2022 21:00,6450
 17.03.2022 22:00,6057
 17.03.2022 23:00,5402
 18.03.2022 00:00,4952
 18.03.2022 01:00,4859
 18.03.2022 02:00,4740
 18.03.2022 03:00,4689
 18.03.2022 04:00,4849
 18.03.2022 05:00,5279
 18.03.2022 06:00,6110
 18.03.2022 07:00,6763
 18.03.2022 08:00,7413
 18.03.2022 09:00,7705
 18.03.2022 10:00,7823
 18.03.2022 11:00,7783
 18.03.2022 12:00,7711
 18.03.2022 13:00,7510
 18.03.2022 14:00,7592
 18.03.2022 15:00,7437
 18.03.2022 16:00,7275
 18.03.2022 17:00,7570
 18.03.2022 18:00,7973
 18.03.2022 19:00,7844
 18.03.2022 20:00,7318
 18.03.2022 21:00,6677
 18.03.2022 22:00,6287
 18.03.2022 23:00,5723
 19.03.2022 00:00,5287
 19.03.2022 01:00,5266
 19.03.2022 02:00,5074
 19.03.2022 03:00,4889
 19.03.2022 04:00,5073
 19.03.2022 05:00,5298
 19.03.2022 06:00,5605
 19.03.2022 07:00,6159
 19.03.2022 08:00,6754
 19.03.2022 09:00,7139
 19.03.2022 10:00,7314
 19.03.2022 11:00,7380
 19.03.2022 12:00,7351
 19.03.2022 13:00,6976
 19.03.2022 14:00,6929
 19.03.2022 15:00,6805
 19.03.2022 16:00,6709
 19.03.2022 17:00,7180
 19.03.2022 18:00,7780
 19.03.2022 19:00,7633
 19.03.2022 20:00,7176
 19.03.2022 21:00,6646
 19.03.2022 22:00,6231
 19.03.2022 23:00,5752
 20.03.2022 00:00,5315
 20.03.2022 01:00,5092
 20.03.2022 02:00,4886
 20.03.2022 03:00,4749
 20.03.2022 04:00,4766
 20.03.2022 05:00,4812
 20.03.2022 06:00,5130
 20.03.2022 07:00,5573
 20.03.2022 08:00,6144
 20.03.2022 09:00,6714
 20.03.2022 10:00,7081
 20.03.2022 11:00,7320
 20.03.2022 12:00,7235
 20.03.2022 13:00,6739
 20.03.2022 14:00,6749
 20.03.2022 15:00,6615
 20.03.2022 16:00,6487
 20.03.2022 17:00,6890
 20.03.2022 18:00,7434
 20.03.2022 19:00,7405
 20.03.2022 20:00,7067
 20.03.2022 21:00,6540
 20.03.2022 22:00,6079
 20.03.2022 23:00,5458
 21.03.2022 00:00,5000
 21.03.2022 01:00,4892
 21.03.2022 02:00,4792
 21.03.2022 03:00,4730
 21.03.2022 04:00,4956
 21.03.2022 05:00,5433
 21.03.2022 06:00,6365
 21.03.2022 07:00,7051
 21.03.2022 08:00,7564
 21.03.2022 09:00,7862
 21.03.2022 10:00,7920
 21.03.2022 11:00,7955
 21.03.2022 12:00,7845
 21.03.2022 13:00,7652
 21.03.2022 14:00,7538
 21.03.2022 15:00,7383
 21.03.2022 16:00,7224
 21.03.2022 17:00,7616
 21.03.2022 18:00,8236
 21.03.2022 19:00,8174
 21.03.2022 20:00,7588
 21.03.2022 21:00,6857
 21.03.2022 22:00,6398
 21.03.2022 23:00,5705
 22.03.2022 00:00,5171
 22.03.2022 01:00,5055
 22.03.2022 02:00,4957
 22.03.2022 03:00,4864
 22.03.2022 04:00,5048
 22.03.2022 05:00,5469
 22.03.2022 06:00,6351
 22.03.2022 07:00,6898
 22.03.2022 08:00,7389
 22.03.2022 09:00,7562
 22.03.2022 10:00,7560
 22.03.2022 11:00,7530
 22.03.2022 12:00,7339
 22.03.2022 13:00,7132
 22.03.2022 14:00,7141
 22.03.2022 15:00,6897
 22.03.2022 16:00,6781
 22.03.2022 17:00,7185
 22.03.2022 18:00,7789
 22.03.2022 19:00,7810
 22.03.2022 20:00,7275
 22.03.2022 21:00,6594
 22.03.2022 22:00,6120
 22.03.2022 23:00,5439
 23.03.2022 00:00,4946
 23.03.2022 01:00,4848
 23.03.2022 02:00,4726
 23.03.2022 03:00,4661
 23.03.2022 04:00,4860
 23.03.2022 05:00,5271
 23.03.2022 06:00,6121
 23.03.2022 07:00,6706
 23.03.2022 08:00,7290
 23.03.2022 09:00,7550
 23.03.2022 10:00,7611
 23.03.2022 11:00,7594
 23.03.2022 12:00,7520
 23.03.2022 13:00,7261
 23.03.2022 14:00,7220
 23.03.2022 15:00,6968
 23.03.2022 16:00,6661
 23.03.2022 17:00,6969
 23.03.2022 18:00,7708
 23.03.2022 19:00,7788
 23.03.2022 20:00,7308
 23.03.2022 21:00,6623
 23.03.2022 22:00,6205
 23.03.2022 23:00,5555
 24.03.2022 00:00,5134
 24.03.2022 01:00,4945
 24.03.2022 02:00,4813
 24.03.2022 03:00,4746
 24.03.2022 04:00,4926
 24.03.2022 05:00,5323
 24.03.2022 06:00,5978
 24.03.2022 07:00,6398
 24.03.2022 08:00,6625
 24.03.2022 09:00,6698
 24.03.2022 10:00,6649
 24.03.2022 11:00,6582
 24.03.2022 12:00,6492
 24.03.2022 13:00,6161
 24.03.2022 14:00,6098
 24.03.2022 15:00,5965
 24.03.2022 16:00,5856
 24.03.2022 17:00,6298
 24.03.2022 18:00,7113
 24.03.2022 19:00,7215
 24.03.2022 20:00,6843
 24.03.2022 21:00,6294
 24.03.2022 22:00,6072
 24.03.2022 23:00,5396
 25.03.2022 00:00,4883
 25.03.2022 01:00,4759
 25.03.2022 02:00,4590
 25.03.2022 03:00,4490
 25.03.2022 04:00,4487
 25.03.2022 05:00,4461
 25.03.2022 06:00,4709
 25.03.2022 07:00,5000
 25.03.2022 08:00,5169
 25.03.2022 09:00,5208
 25.03.2022 10:00,5126
 25.03.2022 11:00,5166
 25.03.2022 12:00,5158
 25.03.2022 13:00,4750
 25.03.2022 14:00,4674
 25.03.2022 15:00,4577
 25.03.2022 16:00,4563
 25.03.2022 17:00,4993
 25.03.2022 18:00,5762
 25.03.2022 19:00,5925
 25.03.2022 20:00,5820
 25.03.2022 21:00,5506
 25.03.2022 22:00,5267
 25.03.2022 23:00,4867
 26.03.2022 00:00,4474
 26.03.2022 01:00,4443
 26.03.2022 02:00,4214
 26.03.2022 03:00,4135
 26.03.2022 04:00,4220
 26.03.2022 05:00,4360
 26.03.2022 06:00,4679
 26.03.2022 07:00,5011
 26.03.2022 08:00,5320
 26.03.2022 09:00,5434
 26.03.2022 10:00,5472
 26.03.2022 11:00,5534
 26.03.2022 12:00,5535
 26.03.2022 13:00,5331
 26.03.2022 14:00,5253
 26.03.2022 15:00,5151
 26.03.2022 16:00,5130
 26.03.2022 17:00,5566
 26.03.2022 18:00,6335
 26.03.2022 19:00,6410
 26.03.2022 20:00,6093
 26.03.2022 21:00,5675
 26.03.2022 22:00,5284
 26.03.2022 23:00,4905
 27.03.2022 00:00,4527
 27.03.2022 01:00,4434
 27.03.2022 02:00,4301
 27.03.2022 03:00,N/A
 27.03.2022 04:00,N/A
 27.03.2022 05:00,4395
 27.03.2022 06:00,4489
 27.03.2022 07:00,4690
 27.03.2022 08:00,5023
 27.03.2022 09:00,5346
 27.03.2022 10:00,5535
 27.03.2022 11:00,5590
 27.03.2022 12:00,5320
 27.03.2022 13:00,5122
 27.03.2022 14:00,5027
 27.03.2022 15:00,4925
 27.03.2022 16:00,5027
 27.03.2022 17:00,5451
 27.03.2022 18:00,6171
 27.03.2022 19:00,6113
 27.03.2022 20:00,5682
 27.03.2022 21:00,5270
 27.03.2022 22:00,4755
 27.03.2022 23:00,4302
 28.03.2022 00:00,4214
 28.03.2022 01:00,4104
 28.03.2022 02:00,4025
 28.03.2022 03:00,4162
 28.03.2022 04:00,4615
 28.03.2022 05:00,5290
 28.03.2022 06:00,5743
 28.03.2022 07:00,6395
 28.03.2022 08:00,6640
 28.03.2022 09:00,6679
 28.03.2022 10:00,6641
 28.03.2022 11:00,6590
 28.03.2022 12:00,6346
 28.03.2022 13:00,6313
 28.03.2022 14:00,6038
 28.03.2022 15:00,5767
 28.03.2022 16:00,5808
 28.03.2022 17:00,6152
 28.03.2022 18:00,6766
 28.03.2022 19:00,6553
 28.03.2022 20:00,5936
 28.03.2022 21:00,5529
 28.03.2022 22:00,4924
 28.03.2022 23:00,4499
 29.03.2022 00:00,4377
 29.03.2022 01:00,4284
 29.03.2022 02:00,4247
 29.03.2022 03:00,4406
 29.03.2022 04:00,4871
 29.03.2022 05:00,5487
 29.03.2022 06:00,6048
 29.03.2022 07:00,6440
 29.03.2022 08:00,6555
 29.03.2022 09:00,6544
 29.03.2022 10:00,6500
 29.03.2022 11:00,6309
 29.03.2022 12:00,5989
 29.03.2022 13:00,5841
 29.03.2022 14:00,5591
 29.03.2022 15:00,5432
 29.03.2022 16:00,5512
 29.03.2022 17:00,5878
 29.03.2022 18:00,6573
 29.03.2022 19:00,6383
 29.03.2022 20:00,5774
 29.03.2022 21:00,5399
 29.03.2022 22:00,4835
 29.03.2022 23:00,4444
 30.03.2022 00:00,4361
 30.03.2022 01:00,4241
 30.03.2022 02:00,4238
 30.03.2022 03:00,4418
 30.03.2022 04:00,4878
 30.03.2022 05:00,5498
 30.03.2022 06:00,5909
 30.03.2022 07:00,6214
 30.03.2022 08:00,6331
 30.03.2022 09:00,6295
 30.03.2022 10:00,6273
 30.03.2022 11:00,6118
 30.03.2022 12:00,5865
 30.03.2022 13:00,5688
 30.03.2022 14:00,5415
 30.03.2022 15:00,5260
 30.03.2022 16:00,5351
 30.03.2022 17:00,5733
 30.03.2022 18:00,6301
 30.03.2022 19:00,6147
 30.03.2022 20:00,5635
 30.03.2022 21:00,5310
 30.03.2022 22:00,4706
 30.03.2022 23:00,4280
 31.03.2022 00:00,4191
 31.03.2022 01:00,4023
 31.03.2022 02:00,3956
 31.03.2022 03:00,4115
 31.03.2022 04:00,4548
 31.03.2022 05:00,5147
 31.03.2022 06:00,5643
 31.03.2022 07:00,6069
 31.03.2022 08:00,6266
 31.03.2022 09:00,6374
 31.03.2022 10:00,6426
 31.03.2022 11:00,6314
 31.03.2022 12:00,6038
 31.03.2022 13:00,5899
 31.03.2022 14:00,5770
 31.03.2022 15:00,5626
 31.03.2022 16:00,5682
 31.03.2022 17:00,5964
 31.03.2022 18:00,6406
 31.03.2022 19:00,6147
 31.03.2022 20:00,5590
 31.03.2022 21:00,5184
 31.03.2022 22:00,4611
 31.03.2022 23:00,4238
 01.04.2022 00:00,4160
 01.04.2022 01:00,4042
 01.04.2022 02:00,4029
 01.04.2022 03:00,4157
 01.04.2022 04:00,4558
 01.04.2022 05:00,5140
 01.04.2022 06:00,5546
 01.04.2022 07:00,5822
 01.04.2022 08:00,5825
 01.04.2022 09:00,5826
 01.04.2022 10:00,5741
 01.04.2022 11:00,5591
 01.04.2022 12:00,5349
 01.04.2022 13:00,5235
 01.04.2022 14:00,5048
 01.04.2022 15:00,4937
 01.04.2022 16:00,5031
 01.04.2022 17:00,5300
 01.04.2022 18:00,5824
 01.04.2022 19:00,5685
 01.04.2022 20:00,5197
 01.04.2022 21:00,4967
 01.04.2022 22:00,4548
 01.04.2022 23:00,4233
 02.04.2022 00:00,4112
 02.04.2022 01:00,3989
 02.04.2022 02:00,3890
 02.04.2022 03:00,3986
 02.04.2022 04:00,4157
 02.04.2022 05:00,4357
 02.04.2022 06:00,4537
 02.04.2022 07:00,4817
 02.04.2022 08:00,5060
 02.04.2022 09:00,5307
 02.04.2022 10:00,5622
 02.04.2022 11:00,5740
 02.04.2022 12:00,5378
 02.04.2022 13:00,5148
 02.04.2022 14:00,4919
 02.04.2022 15:00,4808
 02.04.2022 16:00,4865
 02.04.2022 17:00,5171
 02.04.2022 18:00,5702
 02.04.2022 19:00,5596
 02.04.2022 20:00,5104
 02.04.2022 21:00,4770
 02.04.2022 22:00,4391
 02.04.2022 23:00,4076
 03.04.2022 00:00,3913
 03.04.2022 01:00,3795
 03.04.2022 02:00,3709
 03.04.2022 03:00,3714
 03.04.2022 04:00,3863
 03.04.2022 05:00,3956
 03.04.2022 06:00,4092
 03.04.2022 07:00,4402
 03.04.2022 08:00,4708
 03.04.2022 09:00,4982
 03.04.2022 10:00,5119
 03.04.2022 11:00,5014
 03.04.2022 12:00,4619
 03.04.2022 13:00,4425
 03.04.2022 14:00,4276
 03.04.2022 15:00,4175
 03.04.2022 16:00,4451
 03.04.2022 17:00,4938
 03.04.2022 18:00,5600
 03.04.2022 19:00,5557
 03.04.2022 20:00,5145
 03.04.2022 21:00,4760
 03.04.2022 22:00,4327
 03.04.2022 23:00,4033
 04.04.2022 00:00,3911
 04.04.2022 01:00,3888
 04.04.2022 02:00,3883
 04.04.2022 03:00,4053
 04.04.2022 04:00,4497
 04.04.2022 05:00,5098
 04.04.2022 06:00,5631
 04.04.2022 07:00,5993
 04.04.2022 08:00,6084
 04.04.2022 09:00,6060
 04.04.2022 10:00,6065
 04.04.2022 11:00,5988
 04.04.2022 12:00,5745
 04.04.2022 13:00,5617
 04.04.2022 14:00,5426
 04.04.2022 15:00,5332
 04.04.2022 16:00,5453
 04.04.2022 17:00,5788
 04.04.2022 18:00,6298
 04.04.2022 19:00,6096
 04.04.2022 20:00,5559
 04.04.2022 21:00,5235
 04.04.2022 22:00,4745
 04.04.2022 23:00,4350
 05.04.2022 00:00,4234
 05.04.2022 01:00,4126
 05.04.2022 02:00,4103
 05.04.2022 03:00,4219
 05.04.2022 04:00,4571
 05.04.2022 05:00,5174
 05.04.2022 06:00,5747
 05.04.2022 07:00,6124
 05.04.2022 08:00,6262
 05.04.2022 09:00,6307
 05.04.2022 10:00,6250
 05.04.2022 11:00,6115
 05.04.2022 12:00,5823
 05.04.2022 13:00,5598
 05.04.2022 14:00,5356
 05.04.2022 15:00,5184
 05.04.2022 16:00,5269
 05.04.2022 17:00,5617
 05.04.2022 18:00,6256
 05.04.2022 19:00,6101
 05.04.2022 20:00,5551
 05.04.2022 21:00,5186
 05.04.2022 22:00,4667
 05.04.2022 23:00,4354
 06.04.2022 00:00,4210
 06.04.2022 01:00,4083
 06.04.2022 02:00,4064
 06.04.2022 03:00,4208
 06.04.2022 04:00,4573
 06.04.2022 05:00,5139
 06.04.2022 06:00,5572
 06.04.2022 07:00,5826
 06.04.2022 08:00,5821
 06.04.2022 09:00,5783
 06.04.2022 10:00,5741
 06.04.2022 11:00,5607
 06.04.2022 12:00,5363
 06.04.2022 13:00,5186
 06.04.2022 14:00,4979
 06.04.2022 15:00,4868
 06.04.2022 16:00,5023
 06.04.2022 17:00,5416
 06.04.2022 18:00,6051
 06.04.2022 19:00,5885
 06.04.2022 20:00,5348
 06.04.2022 21:00,4990
 06.04.2022 22:00,4482
 06.04.2022 23:00,4141
 07.04.2022 00:00,4055
 07.04.2022 01:00,3934
 07.04.2022 02:00,3974
 07.04.2022 03:00,4038
 07.04.2022 04:00,4374
 07.04.2022 05:00,4981
 07.04.2022 06:00,5515
 07.04.2022 07:00,5849
 07.04.2022 08:00,6053
 07.04.2022 09:00,6162
 07.04.2022 10:00,6165
 07.04.2022 11:00,5968
 07.04.2022 12:00,5650
 07.04.2022 13:00,5433
 07.04.2022 14:00,5251
 07.04.2022 15:00,5073
 07.04.2022 16:00,5124
 07.04.2022 17:00,5379
 07.04.2022 18:00,5968
 07.04.2022 19:00,5781
 07.04.2022 20:00,5224
 07.04.2022 21:00,4916
 07.04.2022 22:00,4429
 07.04.2022 23:00,4129
 08.04.2022 00:00,4005
 08.04.2022 01:00,3928
 08.04.2022 02:00,3927
 08.04.2022 03:00,4090
 08.04.2022 04:00,4436
 08.04.2022 05:00,4852
 08.04.2022 06:00,5322
 08.04.2022 07:00,5590
 08.04.2022 08:00,5655
 08.04.2022 09:00,5716
 08.04.2022 10:00,5613
 08.04.2022 11:00,5489
 08.04.2022 12:00,5253
 08.04.2022 13:00,5072
 08.04.2022 14:00,4913
 08.04.2022 15:00,4788
 08.04.2022 16:00,4860
 08.04.2022 17:00,5114
 08.04.2022 18:00,5657
 08.04.2022 19:00,5603
 08.04.2022 20:00,5139
 08.04.2022 21:00,4879
 08.04.2022 22:00,4424
 08.04.2022 23:00,4199
 09.04.2022 00:00,4072
 09.04.2022 01:00,3943
 09.04.2022 02:00,3930
 09.04.2022 03:00,3983
 09.04.2022 04:00,4164
 09.04.2022 05:00,4350
 09.04.2022 06:00,4684
 09.04.2022 07:00,4990
 09.04.2022 08:00,5081
 09.04.2022 09:00,5246
 09.04.2022 10:00,5316
 09.04.2022 11:00,5300
 09.04.2022 12:00,5031
 09.04.2022 13:00,4814
 09.04.2022 14:00,5073
 09.04.2022 15:00,4645
 09.04.2022 16:00,4588
 09.04.2022 17:00,4949
 09.04.2022 18:00,5493
 09.04.2022 19:00,5315
 09.04.2022 20:00,4893
 09.04.2022 21:00,4609
 09.04.2022 22:00,4245
 09.04.2022 23:00,3942
 10.04.2022 00:00,3775
 10.04.2022 01:00,3713
 10.04.2022 02:00,3710
 10.04.2022 03:00,3768
 10.04.2022 04:00,3814
 10.04.2022 05:00,3858
 10.04.2022 06:00,4136
 10.04.2022 07:00,4537
 10.04.2022 08:00,4789
 10.04.2022 09:00,4920
 10.04.2022 10:00,5093
 10.04.2022 11:00,5000
 10.04.2022 12:00,4550
 10.04.2022 13:00,4387
 10.04.2022 14:00,4263
 10.04.2022 15:00,4288
 10.04.2022 16:00,4468
 10.04.2022 17:00,4661
 10.04.2022 18:00,5245
 10.04.2022 19:00,5242
 10.04.2022 20:00,4826
 10.04.2022 21:00,4484
 10.04.2022 22:00,4103
 10.04.2022 23:00,3859
 11.04.2022 00:00,3732
 11.04.2022 01:00,3707
 11.04.2022 02:00,3682
 11.04.2022 03:00,3788
 11.04.2022 04:00,4156
 11.04.2022 05:00,4750
 11.04.2022 06:00,5395
 11.04.2022 07:00,5555
 11.04.2022 08:00,5827
 11.04.2022 09:00,5784
 11.04.2022 10:00,5917
 11.04.2022 11:00,5843
 11.04.2022 12:00,5567
 11.04.2022 13:00,5373
 11.04.2022 14:00,5081
 11.04.2022 15:00,5029
 11.04.2022 16:00,5126
 11.04.2022 17:00,5442
 11.04.2022 18:00,6016
 11.04.2022 19:00,5918
 11.04.2022 20:00,5445
 11.04.2022 21:00,5021
 11.04.2022 22:00,4596
 11.04.2022 23:00,4277
 12.04.2022 00:00,4056
 12.04.2022 01:00,4134
 12.04.2022 02:00,4199
 12.04.2022 03:00,4230
 12.04.2022 04:00,4090
 12.04.2022 05:00,4862
 12.04.2022 06:00,5533
 12.04.2022 07:00,5858
 12.04.2022 08:00,6358
 12.04.2022 09:00,6094
 12.04.2022 10:00,5979
 12.04.2022 11:00,5924
 12.04.2022 12:00,5531
 12.04.2022 13:00,5209
 12.04.2022 14:00,5480
 12.04.2022 15:00,5045
 12.04.2022 16:00,5073
 12.04.2022 17:00,5443
 12.04.2022 18:00,6130
 12.04.2022 19:00,6048
 12.04.2022 20:00,5521
 12.04.2022 21:00,5182
 12.04.2022 22:00,4687
 12.04.2022 23:00,4359
 13.04.2022 00:00,4243
 13.04.2022 01:00,4139
 13.04.2022 02:00,4115
 13.04.2022 03:00,4256
 13.04.2022 04:00,4656
 13.04.2022 05:00,5175
 13.04.2022 06:00,5573
 13.04.2022 07:00,5714
 13.04.2022 08:00,5853
 13.04.2022 09:00,5832
 13.04.2022 10:00,5776
 13.04.2022 11:00,5680
 13.04.2022 12:00,5481
 13.04.2022 13:00,5220
 13.04.2022 14:00,5102
 13.04.2022 15:00,4952
 13.04.2022 16:00,5067
 13.04.2022 17:00,5441
 13.04.2022 18:00,6144
 13.04.2022 19:00,6074
 13.04.2022 20:00,5505
 13.04.2022 21:00,5170
 13.04.2022 22:00,4698
 13.04.2022 23:00,4341
 14.04.2022 00:00,4205
 14.04.2022 01:00,4129
 14.04.2022 02:00,4120
 14.04.2022 03:00,4246
 14.04.2022 04:00,4631
 14.04.2022 05:00,5167
 14.04.2022 06:00,5433
 14.04.2022 07:00,5816
 14.04.2022 08:00,5973
 14.04.2022 09:00,5954
 14.04.2022 10:00,6005
 14.04.2022 11:00,5918
 14.04.2022 12:00,5612
 14.04.2022 13:00,5355
 14.04.2022 14:00,5224
 14.04.2022 15:00,5052
 14.04.2022 16:00,5094
 14.04.2022 17:00,5351
 14.04.2022 18:00,5984
 14.04.2022 19:00,5928
 14.04.2022 20:00,5409
 14.04.2022 21:00,5093
 14.04.2022 22:00,4520
 14.04.2022 23:00,4215
 15.04.2022 00:00,4119
 15.04.2022 01:00,4042
 15.04.2022 02:00,3970
 15.04.2022 03:00,4074
 15.04.2022 04:00,4442
 15.04.2022 05:00,4920
 15.04.2022 06:00,5151
 15.04.2022 07:00,5503
 15.04.2022 08:00,5568
 15.04.2022 09:00,5605
 15.04.2022 10:00,5601
 15.04.2022 11:00,5494
 15.04.2022 12:00,5257
 15.04.2022 13:00,5100
 15.04.2022 14:00,4942
 15.04.2022 15:00,4897
 15.04.2022 16:00,5123
 15.04.2022 17:00,5397
 15.04.2022 18:00,5877
 15.04.2022 19:00,5710
 15.04.2022 20:00,5188
 15.04.2022 21:00,5125
 15.04.2022 22:00,4593
 15.04.2022 23:00,4272
 16.04.2022 00:00,4262
 16.04.2022 01:00,4110
 16.04.2022 02:00,4066
 16.04.2022 03:00,4109
 16.04.2022 04:00,4256
 16.04.2022 05:00,4460
 16.04.2022 06:00,4826
 16.04.2022 07:00,5087
 16.04.2022 08:00,5264
 16.04.2022 09:00,5356
 16.04.2022 10:00,5454
 16.04.2022 11:00,5523
 16.04.2022 12:00,5299
 16.04.2022 13:00,5120
 16.04.2022 14:00,4932
 16.04.2022 15:00,4894
 16.04.2022 16:00,5038
 16.04.2022 17:00,5297
 16.04.2022 18:00,5713
 16.04.2022 19:00,5556
 16.04.2022 20:00,5094
 16.04.2022 21:00,4665
 16.04.2022 22:00,4335
 16.04.2022 23:00,4072
 17.04.2022 00:00,3892
 17.04.2022 01:00,3757
 17.04.2022 02:00,3700
 17.04.2022 03:00,3748
 17.04.2022 04:00,3801
 17.04.2022 05:00,3868
 17.04.2022 06:00,4253
 17.04.2022 07:00,4637
 17.04.2022 08:00,5061
 17.04.2022 09:00,5490
 17.04.2022 10:00,5836
 17.04.2022 11:00,5878
 17.04.2022 12:00,5538
 17.04.2022 13:00,5342
 17.04.2022 14:00,5233
 17.04.2022 15:00,5188
 17.04.2022 16:00,5304
 17.04.2022 17:00,5540
 17.04.2022 18:00,5764
 17.04.2022 19:00,5712
 17.04.2022 20:00,5322
 17.04.2022 21:00,4890
 17.04.2022 22:00,4379
 17.04.2022 23:00,4116
 18.04.2022 00:00,3908
 18.04.2022 01:00,3859
 18.04.2022 02:00,3845
 18.04.2022 03:00,3976
 18.04.2022 04:00,4364
 18.04.2022 05:00,4921
 18.04.2022 06:00,5616
 18.04.2022 07:00,6207
 18.04.2022 08:00,6425
 18.04.2022 09:00,6538
 18.04.2022 10:00,6594
 18.04.2022 11:00,6563
 18.04.2022 12:00,6345
 18.04.2022 13:00,6258
 18.04.2022 14:00,6112
 18.04.2022 15:00,5980
 18.04.2022 16:00,6071
 18.04.2022 17:00,6303
 18.04.2022 18:00,6748
 18.04.2022 19:00,6589
 18.04.2022 20:00,5980
 18.04.2022 21:00,5553
 18.04.2022 22:00,4952
 18.04.2022 23:00,4518
 19.04.2022 00:00,4339
 19.04.2022 01:00,4256
 19.04.2022 02:00,4250
 19.04.2022 03:00,4406
 19.04.2022 04:00,4749
 19.04.2022 05:00,5279
 19.04.2022 06:00,5991
 19.04.2022 07:00,6416
 19.04.2022 08:00,6592
 19.04.2022 09:00,6665
 19.04.2022 10:00,6596
 19.04.2022 11:00,6526
 19.04.2022 12:00,6237
 19.04.2022 13:00,6048
 19.04.2022 14:00,5820
 19.04.2022 15:00,5629
 19.04.2022 16:00,5731
 19.04.2022 17:00,5981
 19.04.2022 18:00,6429
 19.04.2022 19:00,6426
 19.04.2022 20:00,5930
 19.04.2022 21:00,5515
 19.04.2022 22:00,4940
 19.04.2022 23:00,4499
 20.04.2022 00:00,4327
 20.04.2022 01:00,4233
 20.04.2022 02:00,4200
 20.04.2022 03:00,4346
 20.04.2022 04:00,4649
 20.04.2022 05:00,5142
 20.04.2022 06:00,5616
 20.04.2022 07:00,5905
 20.04.2022 08:00,5982
 20.04.2022 09:00,5978
 20.04.2022 10:00,6006
 20.04.2022 11:00,5955
 20.04.2022 12:00,5687
 20.04.2022 13:00,5493
 20.04.2022 14:00,5273
 20.04.2022 15:00,5073
 20.04.2022 16:00,5145
 20.04.2022 17:00,5408
 20.04.2022 18:00,5995
 20.04.2022 19:00,6069
 20.04.2022 20:00,5664
 20.04.2022 21:00,5213
 20.04.2022 22:00,4670
 20.04.2022 23:00,4276
 21.04.2022 00:00,4129
 21.04.2022 01:00,4030
 21.04.2022 02:00,4027
 21.04.2022 03:00,4154
 21.04.2022 04:00,4415
 21.04.2022 05:00,4818
 21.04.2022 06:00,5329
 21.04.2022 07:00,5641
 21.04.2022 08:00,5747
 21.04.2022 09:00,5800
 21.04.2022 10:00,5795
 21.04.2022 11:00,5798
 21.04.2022 12:00,5456
 21.04.2022 13:00,5249
 21.04.2022 14:00,5108
 21.04.2022 15:00,5049
 21.04.2022 16:00,5118
 21.04.2022 17:00,5286
 21.04.2022 18:00,5677
 21.04.2022 19:00,5645
 21.04.2022 20:00,5310
 21.04.2022 21:00,4909
 21.04.2022 22:00,4384
 21.04.2022 23:00,4037
 22.04.2022 00:00,3894
 22.04.2022 01:00,3765
 22.04.2022 02:00,3685
 22.04.2022 03:00,3734
 22.04.2022 04:00,3764
 22.04.2022 05:00,3888
 22.04.2022 06:00,4159
 22.04.2022 07:00,4363
 22.04.2022 08:00,4393
 22.04.2022 09:00,4331
 22.04.2022 10:00,4369
 22.04.2022 11:00,4396
 22.04.2022 12:00,4222
 22.04.2022 13:00,4147
 22.04.2022 14:00,4115
 22.04.2022 15:00,4086
 22.04.2022 16:00,4309
 22.04.2022 17:00,4514
 22.04.2022 18:00,4728
 22.04.2022 19:00,4710
 22.04.2022 20:00,4666
 22.04.2022 21:00,4428
 22.04.2022 22:00,4092
 22.04.2022 23:00,3779
 23.04.2022 00:00,3620
 23.04.2022 01:00,3570
 23.04.2022 02:00,3586
 23.04.2022 03:00,3680
 23.04.2022 04:00,3821
 23.04.2022 05:00,4012
 23.04.2022 06:00,4296
 23.04.2022 07:00,4487
 23.04.2022 08:00,4652
 23.04.2022 09:00,4761
 23.04.2022 10:00,4803
 23.04.2022 11:00,4844
 23.04.2022 12:00,4706
 23.04.2022 13:00,4613
 23.04.2022 14:00,4519
 23.04.2022 15:00,4555
 23.04.2022 16:00,4794
 23.04.2022 17:00,5139
 23.04.2022 18:00,5645
 23.04.2022 19:00,5664
 23.04.2022 20:00,5107
 23.04.2022 21:00,4487
 23.04.2022 22:00,4210
 23.04.2022 23:00,3974
 24.04.2022 00:00,3781
 24.04.2022 01:00,3581
 24.04.2022 02:00,3472
 24.04.2022 03:00,3463
 24.04.2022 04:00,3436
 24.04.2022 05:00,3473
 24.04.2022 06:00,3701
 24.04.2022 07:00,3942
 24.04.2022 08:00,4171
 24.04.2022 09:00,4190
 24.04.2022 10:00,4044
 24.04.2022 11:00,3766
 24.04.2022 12:00,3382
 24.04.2022 13:00,3249
 24.04.2022 14:00,3319
 24.04.2022 15:00,3348
 24.04.2022 16:00,3537
 24.04.2022 17:00,3799
 24.04.2022 18:00,4266
 24.04.2022 19:00,4482
 24.04.2022 20:00,4279
 24.04.2022 21:00,4007
 24.04.2022 22:00,3698
 24.04.2022 23:00,3466
 25.04.2022 00:00,3366
 25.04.2022 01:00,3286
 25.04.2022 02:00,3264
 25.04.2022 03:00,3290
 25.04.2022 04:00,3275
 25.04.2022 05:00,3371
 25.04.2022 06:00,3614
 25.04.2022 07:00,3878
 25.04.2022 08:00,4082
 25.04.2022 09:00,4234
 25.04.2022 10:00,4334
 25.04.2022 11:00,4353
 25.04.2022 12:00,4085
 25.04.2022 13:00,3892
 25.04.2022 14:00,3770
 25.04.2022 15:00,3744
 25.04.2022 16:00,3870
 25.04.2022 17:00,4090
 25.04.2022 18:00,4513
 25.04.2022 19:00,4697
 25.04.2022 20:00,4414
 25.04.2022 21:00,4111
 25.04.2022 22:00,3771
 25.04.2022 23:00,3529
 26.04.2022 00:00,3405
 26.04.2022 01:00,3350
 26.04.2022 02:00,3342
 26.04.2022 03:00,3472
 26.04.2022 04:00,3703
 26.04.2022 05:00,4150
 26.04.2022 06:00,4680
 26.04.2022 07:00,5104
 26.04.2022 08:00,5352
 26.04.2022 09:00,5494
 26.04.2022 10:00,5581
 26.04.2022 11:00,5580
 26.04.2022 12:00,5289
 26.04.2022 13:00,5066
 26.04.2022 14:00,4914
 26.04.2022 15:00,4835
 26.04.2022 16:00,4860
 26.04.2022 17:00,4997
 26.04.2022 18:00,5411
 26.04.2022 19:00,5432
 26.04.2022 20:00,4977
 26.04.2022 21:00,4723
 26.04.2022 22:00,4358
 26.04.2022 23:00,4070
 27.04.2022 00:00,3982
 27.04.2022 01:00,3933
 27.04.2022 02:00,3942
 27.04.2022 03:00,4063
 27.04.2022 04:00,4225
 27.04.2022 05:00,4611
 27.04.2022 06:00,5157
 27.04.2022 07:00,5503
 27.04.2022 08:00,5678
 27.04.2022 09:00,5804
 27.04.2022 10:00,5809
 27.04.2022 11:00,5772
 27.04.2022 12:00,5567
 27.04.2022 13:00,5256
 27.04.2022 14:00,5058
 27.04.2022 15:00,4918
 27.04.2022 16:00,4994
 27.04.2022 17:00,5129
 27.04.2022 18:00,5512
 27.04.2022 19:00,5519
 27.04.2022 20:00,5019
 27.04.2022 21:00,4746
 27.04.2022 22:00,4390
 27.04.2022 23:00,4105
 28.04.2022 00:00,3959
 28.04.2022 01:00,3891
 28.04.2022 02:00,3912
 28.04.2022 03:00,4021
 28.04.2022 04:00,4228
 28.04.2022 05:00,4579
 28.04.2022 06:00,5039
 28.04.2022 07:00,5381
 28.04.2022 08:00,5632
 28.04.2022 09:00,5737
 28.04.2022 10:00,5771
 28.04.2022 11:00,5764
 28.04.2022 12:00,5503
 28.04.2022 13:00,5263
 28.04.2022 14:00,5097
 28.04.2022 15:00,4996
 28.04.2022 16:00,5012
 28.04.2022 17:00,5138
 28.04.2022 18:00,5544
 28.04.2022 19:00,5464
 28.04.2022 20:00,4950
 28.04.2022 21:00,4632
 28.04.2022 22:00,4239
 28.04.2022 23:00,3990
 29.04.2022 00:00,3887
 29.04.2022 01:00,3799
 29.04.2022 02:00,3777
 29.04.2022 03:00,3862
 29.04.2022 04:00,4038
 29.04.2022 05:00,4353
 29.04.2022 06:00,4842
 29.04.2022 07:00,5221
 29.04.2022 08:00,5383
 29.04.2022 09:00,5505
 29.04.2022 10:00,5570
 29.04.2022 11:00,5595
 29.04.2022 12:00,5342
 29.04.2022 13:00,5138
 29.04.2022 14:00,4961
 29.04.2022 15:00,4853
 29.04.2022 16:00,4989
 29.04.2022 17:00,5167
 29.04.2022 18:00,5517
 29.04.2022 19:00,5422
 29.04.2022 20:00,4941
 29.04.2022 21:00,4696
 29.04.2022 22:00,4335
 29.04.2022 23:00,4046
 30.04.2022 00:00,3928
